m,TagName,
"2008-07-01 00:00:00","c#","3"
"2008-08-01 00:00:00","assembly","8"
"2008-08-01 00:00:00","c","82"
"2008-08-01 00:00:00","c#","503"
"2008-08-01 00:00:00","c++","164"
"2008-08-01 00:00:00","delphi","13"
"2008-08-01 00:00:00","java","220"
"2008-08-01 00:00:00","javascript","160"
"2008-08-01 00:00:00","perl","28"
"2008-08-01 00:00:00","php","157"
"2008-08-01 00:00:00","python","119"
"2008-08-01 00:00:00","ruby","68"
"2008-09-01 00:00:00","assembly","28"
"2008-09-01 00:00:00","c","320"
"2008-09-01 00:00:00","c#","1637"
"2008-09-01 00:00:00","c++","752"
"2008-09-01 00:00:00","delphi","104"
"2008-09-01 00:00:00","java","1121"
"2008-09-01 00:00:00","javascript","629"
"2008-09-01 00:00:00","perl","128"
"2008-09-01 00:00:00","php","472"
"2008-09-01 00:00:00","python","534"
"2008-09-01 00:00:00","r","6"
"2008-09-01 00:00:00","ruby","285"
"2008-10-01 00:00:00","assembly","16"
"2008-10-01 00:00:00","c","302"
"2008-10-01 00:00:00","c#","1982"
"2008-10-01 00:00:00","c++","804"
"2008-10-01 00:00:00","delphi","112"
"2008-10-01 00:00:00","java","1142"
"2008-10-01 00:00:00","javascript","720"
"2008-10-01 00:00:00","perl","128"
"2008-10-01 00:00:00","php","603"
"2008-10-01 00:00:00","python","504"
"2008-10-01 00:00:00","ruby","246"
"2008-11-01 00:00:00","assembly","16"
"2008-11-01 00:00:00","c","258"
"2008-11-01 00:00:00","c#","1728"
"2008-11-01 00:00:00","c++","733"
"2008-11-01 00:00:00","delphi","139"
"2008-11-01 00:00:00","java","951"
"2008-11-01 00:00:00","javascript","581"
"2008-11-01 00:00:00","perl","97"
"2008-11-01 00:00:00","php","497"
"2008-11-01 00:00:00","python","447"
"2008-11-01 00:00:00","r","1"
"2008-11-01 00:00:00","ruby","154"
"2008-12-01 00:00:00","assembly","17"
"2008-12-01 00:00:00","c","188"
"2008-12-01 00:00:00","c#","1593"
"2008-12-01 00:00:00","c++","630"
"2008-12-01 00:00:00","delphi","133"
"2008-12-01 00:00:00","java","824"
"2008-12-01 00:00:00","javascript","625"
"2008-12-01 00:00:00","perl","133"
"2008-12-01 00:00:00","php","473"
"2008-12-01 00:00:00","python","437"
"2008-12-01 00:00:00","r","1"
"2008-12-01 00:00:00","ruby","159"
"2009-01-01 00:00:00","assembly","22"
"2009-01-01 00:00:00","c","317"
"2009-01-01 00:00:00","c#","2371"
"2009-01-01 00:00:00","c++","844"
"2009-01-01 00:00:00","delphi","163"
"2009-01-01 00:00:00","java","1141"
"2009-01-01 00:00:00","javascript","787"
"2009-01-01 00:00:00","perl","146"
"2009-01-01 00:00:00","php","625"
"2009-01-01 00:00:00","python","630"
"2009-01-01 00:00:00","r","8"
"2009-01-01 00:00:00","ruby","205"
"2009-01-01 00:00:00","swift","1"
"2009-02-01 00:00:00","assembly","36"
"2009-02-01 00:00:00","c","332"
"2009-02-01 00:00:00","c#","2595"
"2009-02-01 00:00:00","c++","841"
"2009-02-01 00:00:00","delphi","165"
"2009-02-01 00:00:00","java","1200"
"2009-02-01 00:00:00","javascript","944"
"2009-02-01 00:00:00","perl","163"
"2009-02-01 00:00:00","php","751"
"2009-02-01 00:00:00","python","629"
"2009-02-01 00:00:00","r","8"
"2009-02-01 00:00:00","ruby","286"
"2009-02-01 00:00:00","swift","1"
"2009-03-01 00:00:00","assembly","24"
"2009-03-01 00:00:00","c","429"
"2009-03-01 00:00:00","c#","3155"
"2009-03-01 00:00:00","c++","1043"
"2009-03-01 00:00:00","delphi","161"
"2009-03-01 00:00:00","java","1424"
"2009-03-01 00:00:00","javascript","1006"
"2009-03-01 00:00:00","perl","136"
"2009-03-01 00:00:00","php","890"
"2009-03-01 00:00:00","python","764"
"2009-03-01 00:00:00","r","4"
"2009-03-01 00:00:00","ruby","329"
"2009-03-01 00:00:00","swift","1"
"2009-04-01 00:00:00","assembly","50"
"2009-04-01 00:00:00","c","454"
"2009-04-01 00:00:00","c#","3302"
"2009-04-01 00:00:00","c++","1016"
"2009-04-01 00:00:00","delphi","185"
"2009-04-01 00:00:00","java","1526"
"2009-04-01 00:00:00","javascript","1042"
"2009-04-01 00:00:00","perl","161"
"2009-04-01 00:00:00","php","946"
"2009-04-01 00:00:00","python","768"
"2009-04-01 00:00:00","r","12"
"2009-04-01 00:00:00","ruby","356"
"2009-05-01 00:00:00","assembly","46"
"2009-05-01 00:00:00","c","478"
"2009-05-01 00:00:00","c#","3546"
"2009-05-01 00:00:00","c++","1211"
"2009-05-01 00:00:00","delphi","202"
"2009-05-01 00:00:00","java","1810"
"2009-05-01 00:00:00","javascript","1427"
"2009-05-01 00:00:00","perl","196"
"2009-05-01 00:00:00","php","1164"
"2009-05-01 00:00:00","python","995"
"2009-05-01 00:00:00","r","2"
"2009-05-01 00:00:00","ruby","400"
"2009-05-01 00:00:00","swift","2"
"2009-06-01 00:00:00","assembly","47"
"2009-06-01 00:00:00","c","499"
"2009-06-01 00:00:00","c#","3872"
"2009-06-01 00:00:00","c++","1248"
"2009-06-01 00:00:00","delphi","221"
"2009-06-01 00:00:00","java","2108"
"2009-06-01 00:00:00","javascript","1547"
"2009-06-01 00:00:00","perl","246"
"2009-06-01 00:00:00","php","1565"
"2009-06-01 00:00:00","python","1040"
"2009-06-01 00:00:00","r","5"
"2009-06-01 00:00:00","ruby","431"
"2009-07-01 00:00:00","assembly","32"
"2009-07-01 00:00:00","c","537"
"2009-07-01 00:00:00","c#","4400"
"2009-07-01 00:00:00","c++","1464"
"2009-07-01 00:00:00","delphi","269"
"2009-07-01 00:00:00","java","2249"
"2009-07-01 00:00:00","javascript","1753"
"2009-07-01 00:00:00","perl","256"
"2009-07-01 00:00:00","php","1999"
"2009-07-01 00:00:00","python","1157"
"2009-07-01 00:00:00","r","49"
"2009-07-01 00:00:00","ruby","498"
"2009-08-01 00:00:00","assembly","48"
"2009-08-01 00:00:00","c","529"
"2009-08-01 00:00:00","c#","4440"
"2009-08-01 00:00:00","c++","1396"
"2009-08-01 00:00:00","delphi","246"
"2009-08-01 00:00:00","java","2183"
"2009-08-01 00:00:00","javascript","1855"
"2009-08-01 00:00:00","perl","248"
"2009-08-01 00:00:00","php","2167"
"2009-08-01 00:00:00","python","1131"
"2009-08-01 00:00:00","r","47"
"2009-08-01 00:00:00","ruby","484"
"2009-08-01 00:00:00","swift","3"
"2009-09-01 00:00:00","assembly","62"
"2009-09-01 00:00:00","c","572"
"2009-09-01 00:00:00","c#","4347"
"2009-09-01 00:00:00","c++","1461"
"2009-09-01 00:00:00","delphi","251"
"2009-09-01 00:00:00","java","2256"
"2009-09-01 00:00:00","javascript","1755"
"2009-09-01 00:00:00","perl","247"
"2009-09-01 00:00:00","php","2240"
"2009-09-01 00:00:00","python","1167"
"2009-09-01 00:00:00","r","138"
"2009-09-01 00:00:00","ruby","477"
"2009-09-01 00:00:00","swift","3"
"2009-10-01 00:00:00","assembly","73"
"2009-10-01 00:00:00","c","770"
"2009-10-01 00:00:00","c#","4718"
"2009-10-01 00:00:00","c++","1682"
"2009-10-01 00:00:00","delphi","254"
"2009-10-01 00:00:00","java","2497"
"2009-10-01 00:00:00","javascript","2044"
"2009-10-01 00:00:00","perl","281"
"2009-10-01 00:00:00","php","2337"
"2009-10-01 00:00:00","python","1414"
"2009-10-01 00:00:00","r","73"
"2009-10-01 00:00:00","ruby","491"
"2009-10-01 00:00:00","swift","1"
"2009-11-01 00:00:00","assembly","82"
"2009-11-01 00:00:00","c","958"
"2009-11-01 00:00:00","c#","4674"
"2009-11-01 00:00:00","c++","1744"
"2009-11-01 00:00:00","delphi","273"
"2009-11-01 00:00:00","go","65"
"2009-11-01 00:00:00","java","2753"
"2009-11-01 00:00:00","javascript","2232"
"2009-11-01 00:00:00","perl","322"
"2009-11-01 00:00:00","php","2664"
"2009-11-01 00:00:00","python","1549"
"2009-11-01 00:00:00","r","93"
"2009-11-01 00:00:00","ruby","654"
"2009-11-01 00:00:00","swift","3"
"2009-12-01 00:00:00","assembly","62"
"2009-12-01 00:00:00","c","848"
"2009-12-01 00:00:00","c#","4481"
"2009-12-01 00:00:00","c++","1651"
"2009-12-01 00:00:00","delphi","281"
"2009-12-01 00:00:00","go","11"
"2009-12-01 00:00:00","java","2676"
"2009-12-01 00:00:00","javascript","2300"
"2009-12-01 00:00:00","perl","261"
"2009-12-01 00:00:00","php","2788"
"2009-12-01 00:00:00","python","1583"
"2009-12-01 00:00:00","r","80"
"2009-12-01 00:00:00","ruby","570"
"2009-12-01 00:00:00","swift","1"
"2010-01-01 00:00:00","assembly","100"
"2010-01-01 00:00:00","c","977"
"2010-01-01 00:00:00","c#","5107"
"2010-01-01 00:00:00","c++","1995"
"2010-01-01 00:00:00","delphi","302"
"2010-01-01 00:00:00","go","15"
"2010-01-01 00:00:00","java","3715"
"2010-01-01 00:00:00","javascript","2619"
"2010-01-01 00:00:00","perl","299"
"2010-01-01 00:00:00","php","3404"
"2010-01-01 00:00:00","python","1933"
"2010-01-01 00:00:00","r","94"
"2010-01-01 00:00:00","ruby","682"
"2010-02-01 00:00:00","assembly","69"
"2010-02-01 00:00:00","c","1034"
"2010-02-01 00:00:00","c#","5088"
"2010-02-01 00:00:00","c++","2275"
"2010-02-01 00:00:00","delphi","283"
"2010-02-01 00:00:00","go","7"
"2010-02-01 00:00:00","java","3570"
"2010-02-01 00:00:00","javascript","2636"
"2010-02-01 00:00:00","perl","347"
"2010-02-01 00:00:00","php","3136"
"2010-02-01 00:00:00","python","1860"
"2010-02-01 00:00:00","r","122"
"2010-02-01 00:00:00","ruby","688"
"2010-02-01 00:00:00","swift","2"
"2010-03-01 00:00:00","assembly","123"
"2010-03-01 00:00:00","c","1112"
"2010-03-01 00:00:00","c#","6020"
"2010-03-01 00:00:00","c++","2428"
"2010-03-01 00:00:00","delphi","315"
"2010-03-01 00:00:00","go","8"
"2010-03-01 00:00:00","java","4436"
"2010-03-01 00:00:00","javascript","2986"
"2010-03-01 00:00:00","perl","390"
"2010-03-01 00:00:00","php","3706"
"2010-03-01 00:00:00","python","2069"
"2010-03-01 00:00:00","r","139"
"2010-03-01 00:00:00","ruby","692"
"2010-03-01 00:00:00","swift","1"
"2010-04-01 00:00:00","assembly","124"
"2010-04-01 00:00:00","c","1179"
"2010-04-01 00:00:00","c#","5767"
"2010-04-01 00:00:00","c++","2486"
"2010-04-01 00:00:00","delphi","268"
"2010-04-01 00:00:00","go","10"
"2010-04-01 00:00:00","java","3869"
"2010-04-01 00:00:00","javascript","3011"
"2010-04-01 00:00:00","perl","363"
"2010-04-01 00:00:00","php","3626"
"2010-04-01 00:00:00","python","1805"
"2010-04-01 00:00:00","r","160"
"2010-04-01 00:00:00","ruby","752"
"2010-04-01 00:00:00","swift","2"
"2010-05-01 00:00:00","assembly","107"
"2010-05-01 00:00:00","c","1178"
"2010-05-01 00:00:00","c#","5922"
"2010-05-01 00:00:00","c++","2414"
"2010-05-01 00:00:00","delphi","280"
"2010-05-01 00:00:00","go","17"
"2010-05-01 00:00:00","java","4160"
"2010-05-01 00:00:00","javascript","3231"
"2010-05-01 00:00:00","perl","286"
"2010-05-01 00:00:00","php","3948"
"2010-05-01 00:00:00","python","2008"
"2010-05-01 00:00:00","r","139"
"2010-05-01 00:00:00","ruby","775"
"2010-05-01 00:00:00","swift","1"
"2010-06-01 00:00:00","assembly","90"
"2010-06-01 00:00:00","c","1150"
"2010-06-01 00:00:00","c#","6133"
"2010-06-01 00:00:00","c++","2818"
"2010-06-01 00:00:00","delphi","329"
"2010-06-01 00:00:00","go","15"
"2010-06-01 00:00:00","java","4271"
"2010-06-01 00:00:00","javascript","3472"
"2010-06-01 00:00:00","perl","409"
"2010-06-01 00:00:00","php","4063"
"2010-06-01 00:00:00","python","2202"
"2010-06-01 00:00:00","r","176"
"2010-06-01 00:00:00","ruby","850"
"2010-06-01 00:00:00","swift","4"
"2010-07-01 00:00:00","assembly","97"
"2010-07-01 00:00:00","c","1282"
"2010-07-01 00:00:00","c#","6672"
"2010-07-01 00:00:00","c++","2672"
"2010-07-01 00:00:00","delphi","333"
"2010-07-01 00:00:00","go","8"
"2010-07-01 00:00:00","java","4499"
"2010-07-01 00:00:00","javascript","3876"
"2010-07-01 00:00:00","perl","435"
"2010-07-01 00:00:00","php","4571"
"2010-07-01 00:00:00","python","2579"
"2010-07-01 00:00:00","r","233"
"2010-07-01 00:00:00","ruby","909"
"2010-07-01 00:00:00","swift","1"
"2010-08-01 00:00:00","assembly","86"
"2010-08-01 00:00:00","c","1364"
"2010-08-01 00:00:00","c#","6953"
"2010-08-01 00:00:00","c++","2625"
"2010-08-01 00:00:00","delphi","353"
"2010-08-01 00:00:00","go","13"
"2010-08-01 00:00:00","java","4693"
"2010-08-01 00:00:00","javascript","3995"
"2010-08-01 00:00:00","perl","544"
"2010-08-01 00:00:00","php","5095"
"2010-08-01 00:00:00","python","2489"
"2010-08-01 00:00:00","r","283"
"2010-08-01 00:00:00","ruby","990"
"2010-08-01 00:00:00","swift","2"
"2010-09-01 00:00:00","assembly","117"
"2010-09-01 00:00:00","c","1369"
"2010-09-01 00:00:00","c#","6401"
"2010-09-01 00:00:00","c++","2725"
"2010-09-01 00:00:00","delphi","318"
"2010-09-01 00:00:00","go","9"
"2010-09-01 00:00:00","java","4697"
"2010-09-01 00:00:00","javascript","3991"
"2010-09-01 00:00:00","perl","459"
"2010-09-01 00:00:00","php","4660"
"2010-09-01 00:00:00","python","2245"
"2010-09-01 00:00:00","r","235"
"2010-09-01 00:00:00","ruby","935"
"2010-09-01 00:00:00","swift","2"
"2010-10-01 00:00:00","assembly","123"
"2010-10-01 00:00:00","c","1438"
"2010-10-01 00:00:00","c#","6720"
"2010-10-01 00:00:00","c++","2927"
"2010-10-01 00:00:00","delphi","361"
"2010-10-01 00:00:00","go","13"
"2010-10-01 00:00:00","java","5010"
"2010-10-01 00:00:00","javascript","4100"
"2010-10-01 00:00:00","perl","496"
"2010-10-01 00:00:00","php","4474"
"2010-10-01 00:00:00","python","2667"
"2010-10-01 00:00:00","r","214"
"2010-10-01 00:00:00","ruby","924"
"2010-10-01 00:00:00","swift","1"
"2010-11-01 00:00:00","assembly","164"
"2010-11-01 00:00:00","c","1673"
"2010-11-01 00:00:00","c#","7300"
"2010-11-01 00:00:00","c++","3364"
"2010-11-01 00:00:00","delphi","389"
"2010-11-01 00:00:00","go","16"
"2010-11-01 00:00:00","java","5578"
"2010-11-01 00:00:00","javascript","4539"
"2010-11-01 00:00:00","perl","464"
"2010-11-01 00:00:00","php","5077"
"2010-11-01 00:00:00","python","2598"
"2010-11-01 00:00:00","r","241"
"2010-11-01 00:00:00","ruby","926"
"2010-11-01 00:00:00","swift","1"
"2010-12-01 00:00:00","assembly","125"
"2010-12-01 00:00:00","c","1464"
"2010-12-01 00:00:00","c#","7091"
"2010-12-01 00:00:00","c++","3126"
"2010-12-01 00:00:00","delphi","321"
"2010-12-01 00:00:00","go","18"
"2010-12-01 00:00:00","java","5658"
"2010-12-01 00:00:00","javascript","4947"
"2010-12-01 00:00:00","perl","500"
"2010-12-01 00:00:00","php","5338"
"2010-12-01 00:00:00","python","2471"
"2010-12-01 00:00:00","r","222"
"2010-12-01 00:00:00","ruby","1020"
"2010-12-01 00:00:00","swift","2"
"2011-01-01 00:00:00","assembly","133"
"2011-01-01 00:00:00","c","1458"
"2011-01-01 00:00:00","c#","7970"
"2011-01-01 00:00:00","c++","3481"
"2011-01-01 00:00:00","delphi","368"
"2011-01-01 00:00:00","go","15"
"2011-01-01 00:00:00","java","6520"
"2011-01-01 00:00:00","javascript","5412"
"2011-01-01 00:00:00","perl","473"
"2011-01-01 00:00:00","php","6366"
"2011-01-01 00:00:00","python","2895"
"2011-01-01 00:00:00","r","249"
"2011-01-01 00:00:00","ruby","1201"
"2011-01-01 00:00:00","swift","4"
"2011-02-01 00:00:00","assembly","147"
"2011-02-01 00:00:00","c","1631"
"2011-02-01 00:00:00","c#","8197"
"2011-02-01 00:00:00","c++","3432"
"2011-02-01 00:00:00","delphi","358"
"2011-02-01 00:00:00","go","16"
"2011-02-01 00:00:00","java","6846"
"2011-02-01 00:00:00","javascript","5589"
"2011-02-01 00:00:00","perl","481"
"2011-02-01 00:00:00","php","6661"
"2011-02-01 00:00:00","python","3002"
"2011-02-01 00:00:00","r","322"
"2011-02-01 00:00:00","ruby","1247"
"2011-02-01 00:00:00","swift","5"
"2011-03-01 00:00:00","assembly","193"
"2011-03-01 00:00:00","c","2109"
"2011-03-01 00:00:00","c#","9962"
"2011-03-01 00:00:00","c++","4164"
"2011-03-01 00:00:00","delphi","515"
"2011-03-01 00:00:00","go","3"
"2011-03-01 00:00:00","java","8444"
"2011-03-01 00:00:00","javascript","6746"
"2011-03-01 00:00:00","perl","604"
"2011-03-01 00:00:00","php","8041"
"2011-03-01 00:00:00","python","3739"
"2011-03-01 00:00:00","r","422"
"2011-03-01 00:00:00","ruby","1635"
"2011-03-01 00:00:00","swift","3"
"2011-04-01 00:00:00","assembly","159"
"2011-04-01 00:00:00","c","2032"
"2011-04-01 00:00:00","c#","9247"
"2011-04-01 00:00:00","c++","4156"
"2011-04-01 00:00:00","delphi","400"
"2011-04-01 00:00:00","go","7"
"2011-04-01 00:00:00","java","7878"
"2011-04-01 00:00:00","javascript","6869"
"2011-04-01 00:00:00","perl","549"
"2011-04-01 00:00:00","php","7559"
"2011-04-01 00:00:00","python","3319"
"2011-04-01 00:00:00","r","474"
"2011-04-01 00:00:00","ruby","1475"
"2011-04-01 00:00:00","swift","3"
"2011-05-01 00:00:00","assembly","158"
"2011-05-01 00:00:00","c","1824"
"2011-05-01 00:00:00","c#","9960"
"2011-05-01 00:00:00","c++","3860"
"2011-05-01 00:00:00","delphi","472"
"2011-05-01 00:00:00","go","36"
"2011-05-01 00:00:00","java","8515"
"2011-05-01 00:00:00","javascript","7287"
"2011-05-01 00:00:00","perl","581"
"2011-05-01 00:00:00","php","8036"
"2011-05-01 00:00:00","python","3508"
"2011-05-01 00:00:00","r","425"
"2011-05-01 00:00:00","ruby","1562"
"2011-05-01 00:00:00","swift","1"
"2011-06-01 00:00:00","assembly","139"
"2011-06-01 00:00:00","c","1759"
"2011-06-01 00:00:00","c#","9707"
"2011-06-01 00:00:00","c++","3794"
"2011-06-01 00:00:00","delphi","452"
"2011-06-01 00:00:00","go","34"
"2011-06-01 00:00:00","java","7855"
"2011-06-01 00:00:00","javascript","7655"
"2011-06-01 00:00:00","perl","566"
"2011-06-01 00:00:00","php","7986"
"2011-06-01 00:00:00","python","3457"
"2011-06-01 00:00:00","r","442"
"2011-06-01 00:00:00","ruby","1553"
"2011-06-01 00:00:00","swift","4"
"2011-07-01 00:00:00","assembly","140"
"2011-07-01 00:00:00","c","1655"
"2011-07-01 00:00:00","c#","9550"
"2011-07-01 00:00:00","c++","3837"
"2011-07-01 00:00:00","delphi","428"
"2011-07-01 00:00:00","go","26"
"2011-07-01 00:00:00","java","8117"
"2011-07-01 00:00:00","javascript","8072"
"2011-07-01 00:00:00","perl","657"
"2011-07-01 00:00:00","php","8586"
"2011-07-01 00:00:00","python","3644"
"2011-07-01 00:00:00","r","453"
"2011-07-01 00:00:00","ruby","1576"
"2011-07-01 00:00:00","swift","12"
"2011-08-01 00:00:00","assembly","159"
"2011-08-01 00:00:00","c","1825"
"2011-08-01 00:00:00","c#","9995"
"2011-08-01 00:00:00","c++","3942"
"2011-08-01 00:00:00","delphi","420"
"2011-08-01 00:00:00","go","40"
"2011-08-01 00:00:00","java","8621"
"2011-08-01 00:00:00","javascript","8860"
"2011-08-01 00:00:00","perl","609"
"2011-08-01 00:00:00","php","8835"
"2011-08-01 00:00:00","python","3812"
"2011-08-01 00:00:00","r","586"
"2011-08-01 00:00:00","ruby","1847"
"2011-08-01 00:00:00","swift","8"
"2011-09-01 00:00:00","assembly","154"
"2011-09-01 00:00:00","c","1913"
"2011-09-01 00:00:00","c#","9228"
"2011-09-01 00:00:00","c++","3924"
"2011-09-01 00:00:00","delphi","413"
"2011-09-01 00:00:00","go","26"
"2011-09-01 00:00:00","java","8272"
"2011-09-01 00:00:00","javascript","8127"
"2011-09-01 00:00:00","perl","500"
"2011-09-01 00:00:00","php","7980"
"2011-09-01 00:00:00","python","3502"
"2011-09-01 00:00:00","r","612"
"2011-09-01 00:00:00","ruby","1541"
"2011-09-01 00:00:00","swift","6"
"2011-10-01 00:00:00","assembly","211"
"2011-10-01 00:00:00","c","2136"
"2011-10-01 00:00:00","c#","9143"
"2011-10-01 00:00:00","c++","4325"
"2011-10-01 00:00:00","delphi","463"
"2011-10-01 00:00:00","go","39"
"2011-10-01 00:00:00","java","8489"
"2011-10-01 00:00:00","javascript","7969"
"2011-10-01 00:00:00","perl","554"
"2011-10-01 00:00:00","php","7967"
"2011-10-01 00:00:00","python","3597"
"2011-10-01 00:00:00","r","618"
"2011-10-01 00:00:00","ruby","1599"
"2011-10-01 00:00:00","swift","6"
"2011-11-01 00:00:00","assembly","211"
"2011-11-01 00:00:00","c","2194"
"2011-11-01 00:00:00","c#","9830"
"2011-11-01 00:00:00","c++","4445"
"2011-11-01 00:00:00","delphi","504"
"2011-11-01 00:00:00","go","65"
"2011-11-01 00:00:00","java","9560"
"2011-11-01 00:00:00","javascript","8587"
"2011-11-01 00:00:00","perl","602"
"2011-11-01 00:00:00","php","8583"
"2011-11-01 00:00:00","python","3850"
"2011-11-01 00:00:00","r","605"
"2011-11-01 00:00:00","ruby","1729"
"2011-11-01 00:00:00","swift","4"
"2011-12-01 00:00:00","assembly","227"
"2011-12-01 00:00:00","c","1996"
"2011-12-01 00:00:00","c#","9237"
"2011-12-01 00:00:00","c++","4324"
"2011-12-01 00:00:00","delphi","570"
"2011-12-01 00:00:00","go","52"
"2011-12-01 00:00:00","java","9102"
"2011-12-01 00:00:00","javascript","8257"
"2011-12-01 00:00:00","perl","536"
"2011-12-01 00:00:00","php","8257"
"2011-12-01 00:00:00","python","3601"
"2011-12-01 00:00:00","r","612"
"2011-12-01 00:00:00","ruby","1664"
"2011-12-01 00:00:00","swift","2"
"2012-01-01 00:00:00","assembly","169"
"2012-01-01 00:00:00","c","2211"
"2012-01-01 00:00:00","c#","10301"
"2012-01-01 00:00:00","c++","4510"
"2012-01-01 00:00:00","delphi","508"
"2012-01-01 00:00:00","go","37"
"2012-01-01 00:00:00","java","10044"
"2012-01-01 00:00:00","javascript","9517"
"2012-01-01 00:00:00","perl","559"
"2012-01-01 00:00:00","php","9160"
"2012-01-01 00:00:00","python","4168"
"2012-01-01 00:00:00","r","689"
"2012-01-01 00:00:00","ruby","1880"
"2012-01-01 00:00:00","swift","6"
"2012-02-01 00:00:00","assembly","229"
"2012-02-01 00:00:00","c","2390"
"2012-02-01 00:00:00","c#","10653"
"2012-02-01 00:00:00","c++","5067"
"2012-02-01 00:00:00","delphi","471"
"2012-02-01 00:00:00","go","31"
"2012-02-01 00:00:00","java","10846"
"2012-02-01 00:00:00","javascript","9880"
"2012-02-01 00:00:00","perl","611"
"2012-02-01 00:00:00","php","9790"
"2012-02-01 00:00:00","python","4470"
"2012-02-01 00:00:00","r","811"
"2012-02-01 00:00:00","ruby","2029"
"2012-02-01 00:00:00","swift","9"
"2012-03-01 00:00:00","assembly","260"
"2012-03-01 00:00:00","c","2702"
"2012-03-01 00:00:00","c#","11455"
"2012-03-01 00:00:00","c++","5182"
"2012-03-01 00:00:00","delphi","492"
"2012-03-01 00:00:00","go","47"
"2012-03-01 00:00:00","java","12244"
"2012-03-01 00:00:00","javascript","10598"
"2012-03-01 00:00:00","perl","607"
"2012-03-01 00:00:00","php","10736"
"2012-03-01 00:00:00","python","4992"
"2012-03-01 00:00:00","r","887"
"2012-03-01 00:00:00","ruby","2172"
"2012-03-01 00:00:00","swift","4"
"2012-04-01 00:00:00","assembly","276"
"2012-04-01 00:00:00","c","2656"
"2012-04-01 00:00:00","c#","10965"
"2012-04-01 00:00:00","c++","5256"
"2012-04-01 00:00:00","delphi","480"
"2012-04-01 00:00:00","go","69"
"2012-04-01 00:00:00","java","11884"
"2012-04-01 00:00:00","javascript","10554"
"2012-04-01 00:00:00","perl","596"
"2012-04-01 00:00:00","php","10237"
"2012-04-01 00:00:00","python","4878"
"2012-04-01 00:00:00","r","836"
"2012-04-01 00:00:00","ruby","1947"
"2012-04-01 00:00:00","swift","5"
"2012-05-01 00:00:00","assembly","225"
"2012-05-01 00:00:00","c","2457"
"2012-05-01 00:00:00","c#","11394"
"2012-05-01 00:00:00","c++","4934"
"2012-05-01 00:00:00","delphi","473"
"2012-05-01 00:00:00","go","69"
"2012-05-01 00:00:00","java","12027"
"2012-05-01 00:00:00","javascript","11379"
"2012-05-01 00:00:00","perl","639"
"2012-05-01 00:00:00","php","10782"
"2012-05-01 00:00:00","python","5041"
"2012-05-01 00:00:00","r","869"
"2012-05-01 00:00:00","ruby","1950"
"2012-05-01 00:00:00","swift","7"
"2012-06-01 00:00:00","assembly","200"
"2012-06-01 00:00:00","c","2293"
"2012-06-01 00:00:00","c#","11214"
"2012-06-01 00:00:00","c++","4603"
"2012-06-01 00:00:00","delphi","415"
"2012-06-01 00:00:00","go","71"
"2012-06-01 00:00:00","java","10984"
"2012-06-01 00:00:00","javascript","11129"
"2012-06-01 00:00:00","perl","735"
"2012-06-01 00:00:00","php","10435"
"2012-06-01 00:00:00","python","5225"
"2012-06-01 00:00:00","r","965"
"2012-06-01 00:00:00","ruby","1878"
"2012-06-01 00:00:00","swift","4"
"2012-07-01 00:00:00","assembly","200"
"2012-07-01 00:00:00","c","2354"
"2012-07-01 00:00:00","c#","12212"
"2012-07-01 00:00:00","c++","5237"
"2012-07-01 00:00:00","delphi","435"
"2012-07-01 00:00:00","go","76"
"2012-07-01 00:00:00","java","12156"
"2012-07-01 00:00:00","javascript","12238"
"2012-07-01 00:00:00","perl","666"
"2012-07-01 00:00:00","php","11607"
"2012-07-01 00:00:00","python","5698"
"2012-07-01 00:00:00","r","1110"
"2012-07-01 00:00:00","ruby","2055"
"2012-07-01 00:00:00","swift","9"
"2012-08-01 00:00:00","assembly","189"
"2012-08-01 00:00:00","c","2308"
"2012-08-01 00:00:00","c#","11892"
"2012-08-01 00:00:00","c++","5134"
"2012-08-01 00:00:00","delphi","402"
"2012-08-01 00:00:00","go","72"
"2012-08-01 00:00:00","java","12186"
"2012-08-01 00:00:00","javascript","12370"
"2012-08-01 00:00:00","perl","759"
"2012-08-01 00:00:00","php","11793"
"2012-08-01 00:00:00","python","5845"
"2012-08-01 00:00:00","r","1084"
"2012-08-01 00:00:00","ruby","2052"
"2012-08-01 00:00:00","swift","5"
"2012-09-01 00:00:00","assembly","221"
"2012-09-01 00:00:00","c","2519"
"2012-09-01 00:00:00","c#","11220"
"2012-09-01 00:00:00","c++","4879"
"2012-09-01 00:00:00","delphi","383"
"2012-09-01 00:00:00","go","129"
"2012-09-01 00:00:00","java","11542"
"2012-09-01 00:00:00","javascript","11120"
"2012-09-01 00:00:00","perl","661"
"2012-09-01 00:00:00","php","10897"
"2012-09-01 00:00:00","python","5231"
"2012-09-01 00:00:00","r","1056"
"2012-09-01 00:00:00","ruby","1952"
"2012-09-01 00:00:00","swift","7"
"2012-10-01 00:00:00","assembly","314"
"2012-10-01 00:00:00","c","3144"
"2012-10-01 00:00:00","c#","12656"
"2012-10-01 00:00:00","c++","5887"
"2012-10-01 00:00:00","delphi","475"
"2012-10-01 00:00:00","go","101"
"2012-10-01 00:00:00","java","13406"
"2012-10-01 00:00:00","javascript","12351"
"2012-10-01 00:00:00","perl","682"
"2012-10-01 00:00:00","php","11668"
"2012-10-01 00:00:00","python","6113"
"2012-10-01 00:00:00","r","1263"
"2012-10-01 00:00:00","ruby","2250"
"2012-10-01 00:00:00","swift","4"
"2012-11-01 00:00:00","assembly","302"
"2012-11-01 00:00:00","c","3178"
"2012-11-01 00:00:00","c#","12187"
"2012-11-01 00:00:00","c++","6244"
"2012-11-01 00:00:00","delphi","440"
"2012-11-01 00:00:00","go","102"
"2012-11-01 00:00:00","java","13517"
"2012-11-01 00:00:00","javascript","12283"
"2012-11-01 00:00:00","perl","636"
"2012-11-01 00:00:00","php","11689"
"2012-11-01 00:00:00","python","6377"
"2012-11-01 00:00:00","r","1344"
"2012-11-01 00:00:00","ruby","2123"
"2012-11-01 00:00:00","swift","4"
"2012-12-01 00:00:00","assembly","260"
"2012-12-01 00:00:00","c","2554"
"2012-12-01 00:00:00","c#","10893"
"2012-12-01 00:00:00","c++","5662"
"2012-12-01 00:00:00","delphi","426"
"2012-12-01 00:00:00","go","112"
"2012-12-01 00:00:00","java","12343"
"2012-12-01 00:00:00","javascript","11691"
"2012-12-01 00:00:00","perl","550"
"2012-12-01 00:00:00","php","10969"
"2012-12-01 00:00:00","python","5729"
"2012-12-01 00:00:00","r","1209"
"2012-12-01 00:00:00","ruby","1901"
"2012-12-01 00:00:00","swift","4"
"2013-01-01 00:00:00","assembly","290"
"2013-01-01 00:00:00","c","2892"
"2013-01-01 00:00:00","c#","12697"
"2013-01-01 00:00:00","c++","6007"
"2013-01-01 00:00:00","delphi","479"
"2013-01-01 00:00:00","go","100"
"2013-01-01 00:00:00","java","13628"
"2013-01-01 00:00:00","javascript","13726"
"2013-01-01 00:00:00","perl","659"
"2013-01-01 00:00:00","php","12787"
"2013-01-01 00:00:00","python","6539"
"2013-01-01 00:00:00","r","1504"
"2013-01-01 00:00:00","ruby","2295"
"2013-01-01 00:00:00","swift","5"
"2013-02-01 00:00:00","assembly","324"
"2013-02-01 00:00:00","c","3082"
"2013-02-01 00:00:00","c#","12437"
"2013-02-01 00:00:00","c++","6035"
"2013-02-01 00:00:00","delphi","444"
"2013-02-01 00:00:00","go","117"
"2013-02-01 00:00:00","java","13606"
"2013-02-01 00:00:00","javascript","13568"
"2013-02-01 00:00:00","perl","745"
"2013-02-01 00:00:00","php","12436"
"2013-02-01 00:00:00","python","6705"
"2013-02-01 00:00:00","r","1655"
"2013-02-01 00:00:00","ruby","2208"
"2013-02-01 00:00:00","swift","6"
"2013-03-01 00:00:00","assembly","367"
"2013-03-01 00:00:00","c","3413"
"2013-03-01 00:00:00","c#","14183"
"2013-03-01 00:00:00","c++","7147"
"2013-03-01 00:00:00","delphi","520"
"2013-03-01 00:00:00","go","126"
"2013-03-01 00:00:00","java","15814"
"2013-03-01 00:00:00","javascript","15213"
"2013-03-01 00:00:00","perl","849"
"2013-03-01 00:00:00","php","14000"
"2013-03-01 00:00:00","python","7582"
"2013-03-01 00:00:00","r","1839"
"2013-03-01 00:00:00","ruby","2549"
"2013-03-01 00:00:00","swift","5"
"2013-04-01 00:00:00","assembly","329"
"2013-04-01 00:00:00","c","3513"
"2013-04-01 00:00:00","c#","13811"
"2013-04-01 00:00:00","c++","7079"
"2013-04-01 00:00:00","delphi","506"
"2013-04-01 00:00:00","go","125"
"2013-04-01 00:00:00","java","16101"
"2013-04-01 00:00:00","javascript","15227"
"2013-04-01 00:00:00","perl","837"
"2013-04-01 00:00:00","php","13295"
"2013-04-01 00:00:00","python","7896"
"2013-04-01 00:00:00","r","1828"
"2013-04-01 00:00:00","ruby","2455"
"2013-04-01 00:00:00","swift","6"
"2013-05-01 00:00:00","assembly","299"
"2013-05-01 00:00:00","c","3178"
"2013-05-01 00:00:00","c#","13364"
"2013-05-01 00:00:00","c++","6789"
"2013-05-01 00:00:00","delphi","526"
"2013-05-01 00:00:00","go","141"
"2013-05-01 00:00:00","java","15136"
"2013-05-01 00:00:00","javascript","14957"
"2013-05-01 00:00:00","perl","900"
"2013-05-01 00:00:00","php","12980"
"2013-05-01 00:00:00","python","7772"
"2013-05-01 00:00:00","r","1772"
"2013-05-01 00:00:00","ruby","2331"
"2013-05-01 00:00:00","swift","2"
"2013-06-01 00:00:00","assembly","291"
"2013-06-01 00:00:00","c","2920"
"2013-06-01 00:00:00","c#","12689"
"2013-06-01 00:00:00","c++","6165"
"2013-06-01 00:00:00","delphi","473"
"2013-06-01 00:00:00","go","175"
"2013-06-01 00:00:00","java","13807"
"2013-06-01 00:00:00","javascript","14481"
"2013-06-01 00:00:00","perl","825"
"2013-06-01 00:00:00","php","12598"
"2013-06-01 00:00:00","python","7557"
"2013-06-01 00:00:00","r","1760"
"2013-06-01 00:00:00","ruby","2213"
"2013-06-01 00:00:00","swift","4"
"2013-07-01 00:00:00","assembly","294"
"2013-07-01 00:00:00","c","2987"
"2013-07-01 00:00:00","c#","14052"
"2013-07-01 00:00:00","c++","6540"
"2013-07-01 00:00:00","delphi","502"
"2013-07-01 00:00:00","go","200"
"2013-07-01 00:00:00","java","15033"
"2013-07-01 00:00:00","javascript","16692"
"2013-07-01 00:00:00","perl","950"
"2013-07-01 00:00:00","php","14175"
"2013-07-01 00:00:00","python","8565"
"2013-07-01 00:00:00","r","1952"
"2013-07-01 00:00:00","ruby","2428"
"2013-07-01 00:00:00","swift","7"
"2013-08-01 00:00:00","assembly","210"
"2013-08-01 00:00:00","c","2990"
"2013-08-01 00:00:00","c#","13743"
"2013-08-01 00:00:00","c++","6207"
"2013-08-01 00:00:00","delphi","446"
"2013-08-01 00:00:00","go","206"
"2013-08-01 00:00:00","java","14918"
"2013-08-01 00:00:00","javascript","16714"
"2013-08-01 00:00:00","perl","830"
"2013-08-01 00:00:00","php","14173"
"2013-08-01 00:00:00","python","7902"
"2013-08-01 00:00:00","r","1908"
"2013-08-01 00:00:00","ruby","2472"
"2013-08-01 00:00:00","swift","4"
"2013-09-01 00:00:00","assembly","288"
"2013-09-01 00:00:00","c","3365"
"2013-09-01 00:00:00","c#","13642"
"2013-09-01 00:00:00","c++","6484"
"2013-09-01 00:00:00","delphi","485"
"2013-09-01 00:00:00","go","237"
"2013-09-01 00:00:00","java","16107"
"2013-09-01 00:00:00","javascript","17559"
"2013-09-01 00:00:00","perl","683"
"2013-09-01 00:00:00","php","14091"
"2013-09-01 00:00:00","python","7913"
"2013-09-01 00:00:00","r","1701"
"2013-09-01 00:00:00","ruby","2378"
"2013-09-01 00:00:00","swift","9"
"2013-10-01 00:00:00","assembly","375"
"2013-10-01 00:00:00","c","4213"
"2013-10-01 00:00:00","c#","15079"
"2013-10-01 00:00:00","c++","7909"
"2013-10-01 00:00:00","delphi","517"
"2013-10-01 00:00:00","go","210"
"2013-10-01 00:00:00","java","18550"
"2013-10-01 00:00:00","javascript","19569"
"2013-10-01 00:00:00","perl","813"
"2013-10-01 00:00:00","php","15158"
"2013-10-01 00:00:00","python","9429"
"2013-10-01 00:00:00","r","2076"
"2013-10-01 00:00:00","ruby","2781"
"2013-10-01 00:00:00","swift","10"
"2013-11-01 00:00:00","assembly","415"
"2013-11-01 00:00:00","c","4249"
"2013-11-01 00:00:00","c#","14478"
"2013-11-01 00:00:00","c++","8060"
"2013-11-01 00:00:00","delphi","456"
"2013-11-01 00:00:00","go","209"
"2013-11-01 00:00:00","java","18560"
"2013-11-01 00:00:00","javascript","18341"
"2013-11-01 00:00:00","perl","819"
"2013-11-01 00:00:00","php","14682"
"2013-11-01 00:00:00","python","9439"
"2013-11-01 00:00:00","r","2172"
"2013-11-01 00:00:00","ruby","2567"
"2013-11-01 00:00:00","swift","5"
"2013-12-01 00:00:00","assembly","353"
"2013-12-01 00:00:00","c","3480"
"2013-12-01 00:00:00","c#","13521"
"2013-12-01 00:00:00","c++","6957"
"2013-12-01 00:00:00","delphi","446"
"2013-12-01 00:00:00","go","240"
"2013-12-01 00:00:00","java","17286"
"2013-12-01 00:00:00","javascript","17890"
"2013-12-01 00:00:00","perl","760"
"2013-12-01 00:00:00","php","14236"
"2013-12-01 00:00:00","python","8390"
"2013-12-01 00:00:00","r","1901"
"2013-12-01 00:00:00","ruby","2428"
"2013-12-01 00:00:00","swift","10"
"2014-01-01 00:00:00","assembly","335"
"2014-01-01 00:00:00","c","3703"
"2014-01-01 00:00:00","c#","15216"
"2014-01-01 00:00:00","c++","7624"
"2014-01-01 00:00:00","delphi","484"
"2014-01-01 00:00:00","go","300"
"2014-01-01 00:00:00","java","18515"
"2014-01-01 00:00:00","javascript","20954"
"2014-01-01 00:00:00","perl","805"
"2014-01-01 00:00:00","php","16586"
"2014-01-01 00:00:00","python","9790"
"2014-01-01 00:00:00","r","2332"
"2014-01-01 00:00:00","ruby","2746"
"2014-01-01 00:00:00","swift","6"
"2014-02-01 00:00:00","assembly","372"
"2014-02-01 00:00:00","c","3949"
"2014-02-01 00:00:00","c#","15014"
"2014-02-01 00:00:00","c++","7607"
"2014-02-01 00:00:00","delphi","490"
"2014-02-01 00:00:00","go","203"
"2014-02-01 00:00:00","java","19057"
"2014-02-01 00:00:00","javascript","20985"
"2014-02-01 00:00:00","perl","787"
"2014-02-01 00:00:00","php","16314"
"2014-02-01 00:00:00","python","9840"
"2014-02-01 00:00:00","r","2610"
"2014-02-01 00:00:00","ruby","2588"
"2014-02-01 00:00:00","swift","12"
"2014-03-01 00:00:00","assembly","447"
"2014-03-01 00:00:00","c","4527"
"2014-03-01 00:00:00","c#","16039"
"2014-03-01 00:00:00","c++","8606"
"2014-03-01 00:00:00","delphi","439"
"2014-03-01 00:00:00","go","254"
"2014-03-01 00:00:00","java","21738"
"2014-03-01 00:00:00","javascript","22483"
"2014-03-01 00:00:00","perl","906"
"2014-03-01 00:00:00","php","18108"
"2014-03-01 00:00:00","python","11353"
"2014-03-01 00:00:00","r","2786"
"2014-03-01 00:00:00","ruby","2936"
"2014-03-01 00:00:00","swift","5"
"2014-04-01 00:00:00","assembly","358"
"2014-04-01 00:00:00","c","3971"
"2014-04-01 00:00:00","c#","15173"
"2014-04-01 00:00:00","c++","8066"
"2014-04-01 00:00:00","delphi","385"
"2014-04-01 00:00:00","go","340"
"2014-04-01 00:00:00","java","20654"
"2014-04-01 00:00:00","javascript","21261"
"2014-04-01 00:00:00","perl","819"
"2014-04-01 00:00:00","php","17431"
"2014-04-01 00:00:00","python","10673"
"2014-04-01 00:00:00","r","2713"
"2014-04-01 00:00:00","ruby","2736"
"2014-04-01 00:00:00","swift","4"
"2014-05-01 00:00:00","assembly","326"
"2014-05-01 00:00:00","c","3230"
"2014-05-01 00:00:00","c#","13784"
"2014-05-01 00:00:00","c++","6719"
"2014-05-01 00:00:00","delphi","468"
"2014-05-01 00:00:00","go","278"
"2014-05-01 00:00:00","java","17770"
"2014-05-01 00:00:00","javascript","19596"
"2014-05-01 00:00:00","perl","793"
"2014-05-01 00:00:00","php","14577"
"2014-05-01 00:00:00","python","9173"
"2014-05-01 00:00:00","r","2572"
"2014-05-01 00:00:00","ruby","2667"
"2014-05-01 00:00:00","swift","9"
"2014-06-01 00:00:00","assembly","264"
"2014-06-01 00:00:00","c","2746"
"2014-06-01 00:00:00","c#","12371"
"2014-06-01 00:00:00","c++","5607"
"2014-06-01 00:00:00","delphi","414"
"2014-06-01 00:00:00","go","288"
"2014-06-01 00:00:00","java","15755"
"2014-06-01 00:00:00","javascript","18139"
"2014-06-01 00:00:00","perl","675"
"2014-06-01 00:00:00","php","12831"
"2014-06-01 00:00:00","python","8856"
"2014-06-01 00:00:00","r","2385"
"2014-06-01 00:00:00","ruby","2322"
"2014-06-01 00:00:00","swift","2380"
"2014-07-01 00:00:00","assembly","212"
"2014-07-01 00:00:00","c","2807"
"2014-07-01 00:00:00","c#","13548"
"2014-07-01 00:00:00","c++","6216"
"2014-07-01 00:00:00","delphi","441"
"2014-07-01 00:00:00","go","450"
"2014-07-01 00:00:00","java","17211"
"2014-07-01 00:00:00","javascript","19957"
"2014-07-01 00:00:00","perl","732"
"2014-07-01 00:00:00","php","14128"
"2014-07-01 00:00:00","python","9852"
"2014-07-01 00:00:00","r","2615"
"2014-07-01 00:00:00","ruby","2547"
"2014-07-01 00:00:00","swift","1630"
"2014-08-01 00:00:00","assembly","183"
"2014-08-01 00:00:00","c","2665"
"2014-08-01 00:00:00","c#","12396"
"2014-08-01 00:00:00","c++","5835"
"2014-08-01 00:00:00","delphi","422"
"2014-08-01 00:00:00","go","405"
"2014-08-01 00:00:00","java","15597"
"2014-08-01 00:00:00","javascript","18298"
"2014-08-01 00:00:00","perl","683"
"2014-08-01 00:00:00","php","13073"
"2014-08-01 00:00:00","python","9066"
"2014-08-01 00:00:00","r","2453"
"2014-08-01 00:00:00","ruby","2454"
"2014-08-01 00:00:00","swift","1685"
"2014-09-01 00:00:00","assembly","274"
"2014-09-01 00:00:00","c","3209"
"2014-09-01 00:00:00","c#","12236"
"2014-09-01 00:00:00","c++","6136"
"2014-09-01 00:00:00","delphi","443"
"2014-09-01 00:00:00","go","389"
"2014-09-01 00:00:00","java","16518"
"2014-09-01 00:00:00","javascript","17977"
"2014-09-01 00:00:00","perl","678"
"2014-09-01 00:00:00","php","13204"
"2014-09-01 00:00:00","python","8711"
"2014-09-01 00:00:00","r","2351"
"2014-09-01 00:00:00","ruby","2260"
"2014-09-01 00:00:00","swift","1889"
"2014-10-01 00:00:00","assembly","386"
"2014-10-01 00:00:00","c","3775"
"2014-10-01 00:00:00","c#","12452"
"2014-10-01 00:00:00","c++","6777"
"2014-10-01 00:00:00","delphi","407"
"2014-10-01 00:00:00","go","378"
"2014-10-01 00:00:00","java","17734"
"2014-10-01 00:00:00","javascript","18784"
"2014-10-01 00:00:00","perl","638"
"2014-10-01 00:00:00","php","13421"
"2014-10-01 00:00:00","python","9527"
"2014-10-01 00:00:00","r","2756"
"2014-10-01 00:00:00","ruby","2336"
"2014-10-01 00:00:00","swift","2451"
"2014-11-01 00:00:00","assembly","377"
"2014-11-01 00:00:00","c","3637"
"2014-11-01 00:00:00","c#","11775"
"2014-11-01 00:00:00","c++","6506"
"2014-11-01 00:00:00","delphi","422"
"2014-11-01 00:00:00","go","335"
"2014-11-01 00:00:00","java","17679"
"2014-11-01 00:00:00","javascript","17852"
"2014-11-01 00:00:00","perl","656"
"2014-11-01 00:00:00","php","12895"
"2014-11-01 00:00:00","python","9515"
"2014-11-01 00:00:00","r","2693"
"2014-11-01 00:00:00","ruby","2105"
"2014-11-01 00:00:00","swift","2542"
"2014-12-01 00:00:00","assembly","320"
"2014-12-01 00:00:00","c","3137"
"2014-12-01 00:00:00","c#","11001"
"2014-12-01 00:00:00","c++","6031"
"2014-12-01 00:00:00","delphi","313"
"2014-12-01 00:00:00","go","349"
"2014-12-01 00:00:00","java","16225"
"2014-12-01 00:00:00","javascript","16868"
"2014-12-01 00:00:00","perl","564"
"2014-12-01 00:00:00","php","12194"
"2014-12-01 00:00:00","python","8996"
"2014-12-01 00:00:00","r","2346"
"2014-12-01 00:00:00","ruby","2138"
"2014-12-01 00:00:00","swift","2472"
"2015-01-01 00:00:00","assembly","332"
"2015-01-01 00:00:00","c","3198"
"2015-01-01 00:00:00","c#","11687"
"2015-01-01 00:00:00","c++","6095"
"2015-01-01 00:00:00","delphi","376"
"2015-01-01 00:00:00","go","468"
"2015-01-01 00:00:00","java","16427"
"2015-01-01 00:00:00","javascript","18415"
"2015-01-01 00:00:00","perl","588"
"2015-01-01 00:00:00","php","13483"
"2015-01-01 00:00:00","python","9632"
"2015-01-01 00:00:00","r","2668"
"2015-01-01 00:00:00","ruby","2413"
"2015-01-01 00:00:00","swift","3039"
"2015-02-01 00:00:00","assembly","355"
"2015-02-01 00:00:00","c","3350"
"2015-02-01 00:00:00","c#","11736"
"2015-02-01 00:00:00","c++","6437"
"2015-02-01 00:00:00","delphi","411"
"2015-02-01 00:00:00","go","380"
"2015-02-01 00:00:00","java","16651"
"2015-02-01 00:00:00","javascript","18554"
"2015-02-01 00:00:00","perl","561"
"2015-02-01 00:00:00","php","13409"
"2015-02-01 00:00:00","python","10159"
"2015-02-01 00:00:00","r","2954"
"2015-02-01 00:00:00","ruby","2254"
"2015-02-01 00:00:00","swift","3224"
"2015-03-01 00:00:00","assembly","379"
"2015-03-01 00:00:00","c","3904"
"2015-03-01 00:00:00","c#","13201"
"2015-03-01 00:00:00","c++","7358"
"2015-03-01 00:00:00","delphi","408"
"2015-03-01 00:00:00","go","468"
"2015-03-01 00:00:00","java","19646"
"2015-03-01 00:00:00","javascript","20413"
"2015-03-01 00:00:00","perl","628"
"2015-03-01 00:00:00","php","14807"
"2015-03-01 00:00:00","python","11535"
"2015-03-01 00:00:00","r","3549"
"2015-03-01 00:00:00","ruby","2452"
"2015-03-01 00:00:00","swift","3577"
"2015-04-01 00:00:00","assembly","433"
"2015-04-01 00:00:00","c","3935"
"2015-04-01 00:00:00","c#","13028"
"2015-04-01 00:00:00","c++","7109"
"2015-04-01 00:00:00","delphi","386"
"2015-04-01 00:00:00","go","386"
"2015-04-01 00:00:00","java","19691"
"2015-04-01 00:00:00","javascript","20810"
"2015-04-01 00:00:00","perl","574"
"2015-04-01 00:00:00","php","14852"
"2015-04-01 00:00:00","python","11375"
"2015-04-01 00:00:00","r","3311"
"2015-04-01 00:00:00","ruby","2493"
"2015-04-01 00:00:00","swift","3999"
"2015-05-01 00:00:00","assembly","366"
"2015-05-01 00:00:00","c","3508"
"2015-05-01 00:00:00","c#","13301"
"2015-05-01 00:00:00","c++","6784"
"2015-05-01 00:00:00","delphi","399"
"2015-05-01 00:00:00","go","396"
"2015-05-01 00:00:00","java","18431"
"2015-05-01 00:00:00","javascript","22031"
"2015-05-01 00:00:00","perl","525"
"2015-05-01 00:00:00","php","14460"
"2015-05-01 00:00:00","python","11168"
"2015-05-01 00:00:00","r","3408"
"2015-05-01 00:00:00","ruby","2498"
"2015-05-01 00:00:00","swift","3780"
"2015-06-01 00:00:00","assembly","265"
"2015-06-01 00:00:00","c","3151"
"2015-06-01 00:00:00","c#","13477"
"2015-06-01 00:00:00","c++","6491"
"2015-06-01 00:00:00","delphi","386"
"2015-06-01 00:00:00","go","421"
"2015-06-01 00:00:00","java","17751"
"2015-06-01 00:00:00","javascript","22506"
"2015-06-01 00:00:00","perl","569"
"2015-06-01 00:00:00","php","14252"
"2015-06-01 00:00:00","python","11736"
"2015-06-01 00:00:00","r","3411"
"2015-06-01 00:00:00","ruby","2570"
"2015-06-01 00:00:00","swift","4310"
"2015-07-01 00:00:00","assembly","259"
"2015-07-01 00:00:00","c","2801"
"2015-07-01 00:00:00","c#","14054"
"2015-07-01 00:00:00","c++","6676"
"2015-07-01 00:00:00","delphi","385"
"2015-07-01 00:00:00","go","465"
"2015-07-01 00:00:00","java","18586"
"2015-07-01 00:00:00","javascript","23845"
"2015-07-01 00:00:00","perl","578"
"2015-07-01 00:00:00","php","15252"
"2015-07-01 00:00:00","python","12264"
"2015-07-01 00:00:00","r","3971"
"2015-07-01 00:00:00","ruby","2578"
"2015-07-01 00:00:00","swift","5128"
"2015-08-01 00:00:00","assembly","218"
"2015-08-01 00:00:00","c","2564"
"2015-08-01 00:00:00","c#","13180"
"2015-08-01 00:00:00","c++","5855"
"2015-08-01 00:00:00","delphi","384"
"2015-08-01 00:00:00","go","445"
"2015-08-01 00:00:00","java","17005"
"2015-08-01 00:00:00","javascript","22055"
"2015-08-01 00:00:00","perl","551"
"2015-08-01 00:00:00","php","14136"
"2015-08-01 00:00:00","python","11183"
"2015-08-01 00:00:00","r","3489"
"2015-08-01 00:00:00","ruby","2308"
"2015-08-01 00:00:00","swift","5069"
"2015-09-01 00:00:00","assembly","257"
"2015-09-01 00:00:00","c","3079"
"2015-09-01 00:00:00","c#","12889"
"2015-09-01 00:00:00","c++","5895"
"2015-09-01 00:00:00","delphi","356"
"2015-09-01 00:00:00","go","417"
"2015-09-01 00:00:00","java","16864"
"2015-09-01 00:00:00","javascript","21314"
"2015-09-01 00:00:00","perl","464"
"2015-09-01 00:00:00","php","13423"
"2015-09-01 00:00:00","python","10933"
"2015-09-01 00:00:00","r","3316"
"2015-09-01 00:00:00","ruby","2153"
"2015-09-01 00:00:00","swift","4532"
"2015-10-01 00:00:00","assembly","428"
"2015-10-01 00:00:00","c","3665"
"2015-10-01 00:00:00","c#","12757"
"2015-10-01 00:00:00","c++","7027"
"2015-10-01 00:00:00","delphi","421"
"2015-10-01 00:00:00","go","425"
"2015-10-01 00:00:00","java","18467"
"2015-10-01 00:00:00","javascript","21724"
"2015-10-01 00:00:00","perl","495"
"2015-10-01 00:00:00","php","13811"
"2015-10-01 00:00:00","python","12448"
"2015-10-01 00:00:00","r","3667"
"2015-10-01 00:00:00","ruby","2186"
"2015-10-01 00:00:00","swift","4284"
"2015-11-01 00:00:00","assembly","401"
"2015-11-01 00:00:00","c","3598"
"2015-11-01 00:00:00","c#","12338"
"2015-11-01 00:00:00","c++","7068"
"2015-11-01 00:00:00","delphi","388"
"2015-11-01 00:00:00","go","432"
"2015-11-01 00:00:00","java","17695"
"2015-11-01 00:00:00","javascript","21170"
"2015-11-01 00:00:00","perl","463"
"2015-11-01 00:00:00","php","13203"
"2015-11-01 00:00:00","python","12251"
"2015-11-01 00:00:00","r","3530"
"2015-11-01 00:00:00","ruby","1953"
"2015-11-01 00:00:00","swift","4307"
"2015-12-01 00:00:00","assembly","350"
"2015-12-01 00:00:00","c","3080"
"2015-12-01 00:00:00","c#","12098"
"2015-12-01 00:00:00","c++","6542"
"2015-12-01 00:00:00","delphi","315"
"2015-12-01 00:00:00","go","418"
"2015-12-01 00:00:00","java","16474"
"2015-12-01 00:00:00","javascript","20990"
"2015-12-01 00:00:00","perl","477"
"2015-12-01 00:00:00","php","13619"
"2015-12-01 00:00:00","python","11611"
"2015-12-01 00:00:00","r","3172"
"2015-12-01 00:00:00","ruby","2026"
"2015-12-01 00:00:00","swift","4361"
"2016-01-01 00:00:00","assembly","247"
"2016-01-01 00:00:00","c","3033"
"2016-01-01 00:00:00","c#","12324"
"2016-01-01 00:00:00","c++","6083"
"2016-01-01 00:00:00","delphi","318"
"2016-01-01 00:00:00","go","494"
"2016-01-01 00:00:00","java","16555"
"2016-01-01 00:00:00","javascript","22425"
"2016-01-01 00:00:00","perl","445"
"2016-01-01 00:00:00","php","14440"
"2016-01-01 00:00:00","python","12310"
"2016-01-01 00:00:00","r","3525"
"2016-01-01 00:00:00","ruby","2140"
"2016-01-01 00:00:00","swift","4767"
"2016-02-01 00:00:00","assembly","346"
"2016-02-01 00:00:00","c","3267"
"2016-02-01 00:00:00","c#","12693"
"2016-02-01 00:00:00","c++","6535"
"2016-02-01 00:00:00","delphi","355"
"2016-02-01 00:00:00","go","540"
"2016-02-01 00:00:00","java","17768"
"2016-02-01 00:00:00","javascript","22366"
"2016-02-01 00:00:00","perl","500"
"2016-02-01 00:00:00","php","14785"
"2016-02-01 00:00:00","python","13214"
"2016-02-01 00:00:00","r","3576"
"2016-02-01 00:00:00","ruby","2246"
"2016-02-01 00:00:00","swift","4735"
"2016-03-01 00:00:00","assembly","435"
"2016-03-01 00:00:00","c","3430"
"2016-03-01 00:00:00","c#","13552"
"2016-03-01 00:00:00","c++","6993"
"2016-03-01 00:00:00","delphi","338"
"2016-03-01 00:00:00","go","592"
"2016-03-01 00:00:00","java","19790"
"2016-03-01 00:00:00","javascript","23975"
"2016-03-01 00:00:00","perl","467"
"2016-03-01 00:00:00","php","15000"
"2016-03-01 00:00:00","python","14022"
"2016-03-01 00:00:00","r","4036"
"2016-03-01 00:00:00","ruby","2255"
"2016-03-01 00:00:00","swift","5055"
"2016-04-01 00:00:00","assembly","413"
"2016-04-01 00:00:00","c","3347"
"2016-04-01 00:00:00","c#","13660"
"2016-04-01 00:00:00","c++","6872"
"2016-04-01 00:00:00","delphi","326"
"2016-04-01 00:00:00","go","601"
"2016-04-01 00:00:00","java","19398"
"2016-04-01 00:00:00","javascript","23341"
"2016-04-01 00:00:00","perl","492"
"2016-04-01 00:00:00","php","14353"
"2016-04-01 00:00:00","python","13587"
"2016-04-01 00:00:00","r","4115"
"2016-04-01 00:00:00","ruby","2211"
"2016-04-01 00:00:00","swift","4734"
"2016-05-01 00:00:00","assembly","324"
"2016-05-01 00:00:00","c","2714"
"2016-05-01 00:00:00","c#","13449"
"2016-05-01 00:00:00","c++","6110"
"2016-05-01 00:00:00","delphi","337"
"2016-05-01 00:00:00","go","577"
"2016-05-01 00:00:00","java","16934"
"2016-05-01 00:00:00","javascript","22887"
"2016-05-01 00:00:00","perl","485"
"2016-05-01 00:00:00","php","14336"
"2016-05-01 00:00:00","python","13065"
"2016-05-01 00:00:00","r","3788"
"2016-05-01 00:00:00","ruby","2127"
"2016-05-01 00:00:00","swift","4396"
"2016-06-01 00:00:00","assembly","288"
"2016-06-01 00:00:00","c","2291"
"2016-06-01 00:00:00","c#","13015"
"2016-06-01 00:00:00","c++","5693"
"2016-06-01 00:00:00","delphi","281"
"2016-06-01 00:00:00","go","546"
"2016-06-01 00:00:00","java","15862"
"2016-06-01 00:00:00","javascript","22058"
"2016-06-01 00:00:00","perl","434"
"2016-06-01 00:00:00","php","13536"
"2016-06-01 00:00:00","python","12866"
"2016-06-01 00:00:00","r","3852"
"2016-06-01 00:00:00","ruby","2100"
"2016-06-01 00:00:00","swift","4779"
"2016-07-01 00:00:00","assembly","202"
"2016-07-01 00:00:00","c","2340"
"2016-07-01 00:00:00","c#","11940"
"2016-07-01 00:00:00","c++","5446"
"2016-07-01 00:00:00","delphi","242"
"2016-07-01 00:00:00","go","536"
"2016-07-01 00:00:00","java","14879"
"2016-07-01 00:00:00","javascript","22088"
"2016-07-01 00:00:00","perl","413"
"2016-07-01 00:00:00","php","12825"
"2016-07-01 00:00:00","python","12774"
"2016-07-01 00:00:00","r","3739"
"2016-07-01 00:00:00","ruby","1895"
"2016-07-01 00:00:00","swift","4912"
"2016-08-01 00:00:00","assembly","256"
"2016-08-01 00:00:00","c","2201"
"2016-08-01 00:00:00","c#","12680"
"2016-08-01 00:00:00","c++","5003"
"2016-08-01 00:00:00","delphi","337"
"2016-08-01 00:00:00","go","567"
"2016-08-01 00:00:00","java","15131"
"2016-08-01 00:00:00","javascript","22570"
"2016-08-01 00:00:00","perl","457"
"2016-08-01 00:00:00","php","12820"
"2016-08-01 00:00:00","python","12872"
"2016-08-01 00:00:00","r","3778"
"2016-08-01 00:00:00","ruby","1872"
"2016-08-01 00:00:00","swift","4886"
"2016-09-01 00:00:00","assembly","335"
"2016-09-01 00:00:00","c","2499"
"2016-09-01 00:00:00","c#","11061"
"2016-09-01 00:00:00","c++","5119"
"2016-09-01 00:00:00","delphi","287"
"2016-09-01 00:00:00","go","510"
"2016-09-01 00:00:00","java","14589"
"2016-09-01 00:00:00","javascript","20339"
"2016-09-01 00:00:00","perl","461"
"2016-09-01 00:00:00","php","12039"
"2016-09-01 00:00:00","python","12295"
"2016-09-01 00:00:00","r","3298"
"2016-09-01 00:00:00","ruby","1919"
"2016-09-01 00:00:00","swift","4838"
"2016-10-01 00:00:00","assembly","396"
"2016-10-01 00:00:00","c","3197"
"2016-10-01 00:00:00","c#","11421"
"2016-10-01 00:00:00","c++","5951"
"2016-10-01 00:00:00","delphi","268"
"2016-10-01 00:00:00","go","529"
"2016-10-01 00:00:00","java","15252"
"2016-10-01 00:00:00","javascript","20347"
"2016-10-01 00:00:00","perl","400"
"2016-10-01 00:00:00","php","12156"
"2016-10-01 00:00:00","python","13460"
"2016-10-01 00:00:00","r","3770"
"2016-10-01 00:00:00","ruby","1816"
"2016-10-01 00:00:00","swift","4720"
"2016-11-01 00:00:00","assembly","411"
"2016-11-01 00:00:00","c","3253"
"2016-11-01 00:00:00","c#","11613"
"2016-11-01 00:00:00","c++","6049"
"2016-11-01 00:00:00","delphi","275"
"2016-11-01 00:00:00","go","476"
"2016-11-01 00:00:00","java","15587"
"2016-11-01 00:00:00","javascript","20402"
"2016-11-01 00:00:00","perl","365"
"2016-11-01 00:00:00","php","11869"
"2016-11-01 00:00:00","python","14129"
"2016-11-01 00:00:00","r","3547"
"2016-11-01 00:00:00","ruby","1752"
"2016-11-01 00:00:00","swift","4355"
"2016-12-01 00:00:00","assembly","310"
"2016-12-01 00:00:00","c","2790"
"2016-12-01 00:00:00","c#","10644"
"2016-12-01 00:00:00","c++","5201"
"2016-12-01 00:00:00","delphi","252"
"2016-12-01 00:00:00","go","494"
"2016-12-01 00:00:00","java","13779"
"2016-12-01 00:00:00","javascript","19687"
"2016-12-01 00:00:00","perl","336"
"2016-12-01 00:00:00","php","11386"
"2016-12-01 00:00:00","python","12989"
"2016-12-01 00:00:00","r","3141"
"2016-12-01 00:00:00","ruby","1625"
"2016-12-01 00:00:00","swift","3919"
"2017-01-01 00:00:00","assembly","306"
"2017-01-01 00:00:00","c","2751"
"2017-01-01 00:00:00","c#","11652"
"2017-01-01 00:00:00","c++","5630"
"2017-01-01 00:00:00","delphi","285"
"2017-01-01 00:00:00","go","556"
"2017-01-01 00:00:00","java","14496"
"2017-01-01 00:00:00","javascript","21313"
"2017-01-01 00:00:00","perl","322"
"2017-01-01 00:00:00","php","12514"
"2017-01-01 00:00:00","python","14218"
"2017-01-01 00:00:00","r","3481"
"2017-01-01 00:00:00","ruby","1820"
"2017-01-01 00:00:00","swift","4329"
"2017-02-01 00:00:00","assembly","301"
"2017-02-01 00:00:00","c","2715"
"2017-02-01 00:00:00","c#","11437"
"2017-02-01 00:00:00","c++","5149"
"2017-02-01 00:00:00","delphi","304"
"2017-02-01 00:00:00","go","548"
"2017-02-01 00:00:00","java","14498"
"2017-02-01 00:00:00","javascript","21114"
"2017-02-01 00:00:00","perl","398"
"2017-02-01 00:00:00","php","12394"
"2017-02-01 00:00:00","python","14720"
"2017-02-01 00:00:00","r","3668"
"2017-02-01 00:00:00","ruby","1618"
"2017-02-01 00:00:00","swift","4043"
"2017-03-01 00:00:00","assembly","368"
"2017-03-01 00:00:00","c","2950"
"2017-03-01 00:00:00","c#","12941"
"2017-03-01 00:00:00","c++","6202"
"2017-03-01 00:00:00","delphi","303"
"2017-03-01 00:00:00","go","650"
"2017-03-01 00:00:00","java","17235"
"2017-03-01 00:00:00","javascript","23579"
"2017-03-01 00:00:00","perl","408"
"2017-03-01 00:00:00","php","13909"
"2017-03-01 00:00:00","python","17052"
"2017-03-01 00:00:00","r","4592"
"2017-03-01 00:00:00","ruby","1788"
"2017-03-01 00:00:00","swift","4603"
"2017-04-01 00:00:00","assembly","315"
"2017-04-01 00:00:00","c","2838"
"2017-04-01 00:00:00","c#","11052"
"2017-04-01 00:00:00","c++","5855"
"2017-04-01 00:00:00","delphi","263"
"2017-04-01 00:00:00","go","506"
"2017-04-01 00:00:00","java","15822"
"2017-04-01 00:00:00","javascript","21129"
"2017-04-01 00:00:00","perl","366"
"2017-04-01 00:00:00","php","12291"
"2017-04-01 00:00:00","python","15584"
"2017-04-01 00:00:00","r","4245"
"2017-04-01 00:00:00","ruby","1483"
"2017-04-01 00:00:00","swift","3899"
"2017-05-01 00:00:00","assembly","347"
"2017-05-01 00:00:00","c","2738"
"2017-05-01 00:00:00","c#","11931"
"2017-05-01 00:00:00","c++","5277"
"2017-05-01 00:00:00","delphi","316"
"2017-05-01 00:00:00","go","580"
"2017-05-01 00:00:00","java","16263"
"2017-05-01 00:00:00","javascript","22286"
"2017-05-01 00:00:00","perl","353"
"2017-05-01 00:00:00","php","12954"
"2017-05-01 00:00:00","python","16124"
"2017-05-01 00:00:00","r","4296"
"2017-05-01 00:00:00","ruby","1515"
"2017-05-01 00:00:00","swift","4084"
"2017-06-01 00:00:00","assembly","238"
"2017-06-01 00:00:00","c","2337"
"2017-06-01 00:00:00","c#","11247"
"2017-06-01 00:00:00","c++","4662"
"2017-06-01 00:00:00","delphi","245"
"2017-06-01 00:00:00","go","572"
"2017-06-01 00:00:00","java","14548"
"2017-06-01 00:00:00","javascript","21476"
"2017-06-01 00:00:00","perl","310"
"2017-06-01 00:00:00","php","11642"
"2017-06-01 00:00:00","python","15940"
"2017-06-01 00:00:00","r","4434"
"2017-06-01 00:00:00","ruby","1411"
"2017-06-01 00:00:00","swift","4185"
"2017-07-01 00:00:00","assembly","220"
"2017-07-01 00:00:00","c","2037"
"2017-07-01 00:00:00","c#","11163"
"2017-07-01 00:00:00","c++","5000"
"2017-07-01 00:00:00","delphi","206"
"2017-07-01 00:00:00","go","653"
"2017-07-01 00:00:00","java","14057"
"2017-07-01 00:00:00","javascript","21506"
"2017-07-01 00:00:00","perl","322"
"2017-07-01 00:00:00","php","11665"
"2017-07-01 00:00:00","python","16851"
"2017-07-01 00:00:00","r","4569"
"2017-07-01 00:00:00","ruby","1517"
"2017-07-01 00:00:00","swift","4341"
"2017-08-01 00:00:00","assembly","215"
"2017-08-01 00:00:00","c","2036"
"2017-08-01 00:00:00","c#","10917"
"2017-08-01 00:00:00","c++","4768"
"2017-08-01 00:00:00","delphi","289"
"2017-08-01 00:00:00","go","603"
"2017-08-01 00:00:00","java","13698"
"2017-08-01 00:00:00","javascript","21256"
"2017-08-01 00:00:00","perl","355"
"2017-08-01 00:00:00","php","11552"
"2017-08-01 00:00:00","python","16433"
"2017-08-01 00:00:00","r","4552"
"2017-08-01 00:00:00","ruby","1391"
"2017-08-01 00:00:00","swift","4165"
"2017-09-01 00:00:00","assembly","228"
"2017-09-01 00:00:00","c","2091"
"2017-09-01 00:00:00","c#","9833"
"2017-09-01 00:00:00","c++","4450"
"2017-09-01 00:00:00","delphi","260"
"2017-09-01 00:00:00","go","541"
"2017-09-01 00:00:00","java","12692"
"2017-09-01 00:00:00","javascript","18884"
"2017-09-01 00:00:00","perl","296"
"2017-09-01 00:00:00","php","10618"
"2017-09-01 00:00:00","python","15390"
"2017-09-01 00:00:00","r","4210"
"2017-09-01 00:00:00","ruby","1220"
"2017-09-01 00:00:00","swift","3753"
"2017-10-01 00:00:00","assembly","328"
"2017-10-01 00:00:00","c","2767"
"2017-10-01 00:00:00","c#","10172"
"2017-10-01 00:00:00","c++","5200"
"2017-10-01 00:00:00","delphi","221"
"2017-10-01 00:00:00","go","613"
"2017-10-01 00:00:00","java","13940"
"2017-10-01 00:00:00","javascript","19726"
"2017-10-01 00:00:00","perl","333"
"2017-10-01 00:00:00","php","10741"
"2017-10-01 00:00:00","python","16879"
"2017-10-01 00:00:00","r","4523"
"2017-10-01 00:00:00","ruby","1294"
"2017-10-01 00:00:00","swift","3881"
"2017-11-01 00:00:00","assembly","384"
"2017-11-01 00:00:00","c","2937"
"2017-11-01 00:00:00","c#","9747"
"2017-11-01 00:00:00","c++","5017"
"2017-11-01 00:00:00","delphi","199"
"2017-11-01 00:00:00","go","654"
"2017-11-01 00:00:00","java","14103"
"2017-11-01 00:00:00","javascript","19298"
"2017-11-01 00:00:00","perl","262"
"2017-11-01 00:00:00","php","10505"
"2017-11-01 00:00:00","python","16889"
"2017-11-01 00:00:00","r","4492"
"2017-11-01 00:00:00","ruby","1169"
"2017-11-01 00:00:00","swift","3657"
"2017-12-01 00:00:00","assembly","247"
"2017-12-01 00:00:00","c","2190"
"2017-12-01 00:00:00","c#","8552"
"2017-12-01 00:00:00","c++","4442"
"2017-12-01 00:00:00","delphi","186"
"2017-12-01 00:00:00","go","522"
"2017-12-01 00:00:00","java","11916"
"2017-12-01 00:00:00","javascript","16877"
"2017-12-01 00:00:00","perl","236"
"2017-12-01 00:00:00","php","9060"
"2017-12-01 00:00:00","python","14868"
"2017-12-01 00:00:00","r","3709"
"2017-12-01 00:00:00","ruby","1014"
"2017-12-01 00:00:00","swift","3194"
"2018-01-01 00:00:00","assembly","252"
"2018-01-01 00:00:00","c","2205"
"2018-01-01 00:00:00","c#","9342"
"2018-01-01 00:00:00","c++","4732"
"2018-01-01 00:00:00","delphi","195"
"2018-01-01 00:00:00","go","540"
"2018-01-01 00:00:00","java","12305"
"2018-01-01 00:00:00","javascript","18826"
"2018-01-01 00:00:00","perl","245"
"2018-01-01 00:00:00","php","10048"
"2018-01-01 00:00:00","python","16175"
"2018-01-01 00:00:00","r","4193"
"2018-01-01 00:00:00","ruby","1159"
"2018-01-01 00:00:00","swift","3734"
"2018-02-01 00:00:00","assembly","281"
"2018-02-01 00:00:00","c","2137"
"2018-02-01 00:00:00","c#","8551"
"2018-02-01 00:00:00","c++","4559"
"2018-02-01 00:00:00","delphi","212"
"2018-02-01 00:00:00","go","581"
"2018-02-01 00:00:00","java","11996"
"2018-02-01 00:00:00","javascript","17177"
"2018-02-01 00:00:00","perl","230"
"2018-02-01 00:00:00","php","9083"
"2018-02-01 00:00:00","python","16250"
"2018-02-01 00:00:00","r","4492"
"2018-02-01 00:00:00","ruby","1028"
"2018-02-01 00:00:00","swift","3393"
"2018-03-01 00:00:00","assembly","317"
"2018-03-01 00:00:00","c","2457"
"2018-03-01 00:00:00","c#","9752"
"2018-03-01 00:00:00","c++","5163"
"2018-03-01 00:00:00","delphi","219"
"2018-03-01 00:00:00","go","601"
"2018-03-01 00:00:00","java","13511"
"2018-03-01 00:00:00","javascript","19078"
"2018-03-01 00:00:00","perl","287"
"2018-03-01 00:00:00","php","9787"
"2018-03-01 00:00:00","python","17847"
"2018-03-01 00:00:00","r","5091"
"2018-03-01 00:00:00","ruby","1059"
"2018-03-01 00:00:00","swift","4037"
"2018-04-01 00:00:00","assembly","320"
"2018-04-01 00:00:00","c","2175"
"2018-04-01 00:00:00","c#","9203"
"2018-04-01 00:00:00","c++","4648"
"2018-04-01 00:00:00","delphi","202"
"2018-04-01 00:00:00","go","616"
"2018-04-01 00:00:00","java","13440"
"2018-04-01 00:00:00","javascript","17904"
"2018-04-01 00:00:00","perl","252"
"2018-04-01 00:00:00","php","8890"
"2018-04-01 00:00:00","python","16906"
"2018-04-01 00:00:00","r","4719"
"2018-04-01 00:00:00","ruby","984"
"2018-04-01 00:00:00","swift","3559"
"2018-05-01 00:00:00","assembly","296"
"2018-05-01 00:00:00","c","2355"
"2018-05-01 00:00:00","c#","9895"
"2018-05-01 00:00:00","c++","4676"
"2018-05-01 00:00:00","delphi","193"
"2018-05-01 00:00:00","go","628"
"2018-05-01 00:00:00","java","13424"
"2018-05-01 00:00:00","javascript","18013"
"2018-05-01 00:00:00","perl","242"
"2018-05-01 00:00:00","php","9417"
"2018-05-01 00:00:00","python","17513"
"2018-05-01 00:00:00","r","4724"
"2018-05-01 00:00:00","ruby","1032"
"2018-05-01 00:00:00","swift","3608"
"2018-06-01 00:00:00","assembly","202"
"2018-06-01 00:00:00","c","1828"
"2018-06-01 00:00:00","c#","8757"
"2018-06-01 00:00:00","c++","4081"
"2018-06-01 00:00:00","delphi","186"
"2018-06-01 00:00:00","go","671"
"2018-06-01 00:00:00","java","11753"
"2018-06-01 00:00:00","javascript","17134"
"2018-06-01 00:00:00","perl","238"
"2018-06-01 00:00:00","php","8390"
"2018-06-01 00:00:00","python","16749"
"2018-06-01 00:00:00","r","4474"
"2018-06-01 00:00:00","ruby","988"
"2018-06-01 00:00:00","swift","3128"
"2018-07-01 00:00:00","assembly","181"
"2018-07-01 00:00:00","c","1593"
"2018-07-01 00:00:00","c#","9374"
"2018-07-01 00:00:00","c++","3897"
"2018-07-01 00:00:00","delphi","206"
"2018-07-01 00:00:00","go","685"
"2018-07-01 00:00:00","java","11698"
"2018-07-01 00:00:00","javascript","17754"
"2018-07-01 00:00:00","perl","245"
"2018-07-01 00:00:00","php","8517"
"2018-07-01 00:00:00","python","17884"
"2018-07-01 00:00:00","r","4398"
"2018-07-01 00:00:00","ruby","939"
"2018-07-01 00:00:00","swift","3657"
"2018-08-01 00:00:00","assembly","176"
"2018-08-01 00:00:00","c","1672"
"2018-08-01 00:00:00","c#","9447"
"2018-08-01 00:00:00","c++","3887"
"2018-08-01 00:00:00","delphi","204"
"2018-08-01 00:00:00","go","703"
"2018-08-01 00:00:00","java","11265"
"2018-08-01 00:00:00","javascript","17796"
"2018-08-01 00:00:00","perl","227"
"2018-08-01 00:00:00","php","8451"
"2018-08-01 00:00:00","python","17690"
"2018-08-01 00:00:00","r","4095"
"2018-08-01 00:00:00","ruby","874"
"2018-08-01 00:00:00","swift","3559"
"2018-09-01 00:00:00","assembly","256"
"2018-09-01 00:00:00","c","1827"
"2018-09-01 00:00:00","c#","8333"
"2018-09-01 00:00:00","c++","3723"
"2018-09-01 00:00:00","delphi","181"
"2018-09-01 00:00:00","go","670"
"2018-09-01 00:00:00","java","10678"
"2018-09-01 00:00:00","javascript","15962"
"2018-09-01 00:00:00","perl","204"
"2018-09-01 00:00:00","php","7637"
"2018-09-01 00:00:00","python","15966"
"2018-09-01 00:00:00","r","3741"
"2018-09-01 00:00:00","ruby","774"
"2018-09-01 00:00:00","swift","3130"
"2018-10-01 00:00:00","assembly","319"
"2018-10-01 00:00:00","c","2433"
"2018-10-01 00:00:00","c#","9305"
"2018-10-01 00:00:00","c++","4287"
"2018-10-01 00:00:00","delphi","221"
"2018-10-01 00:00:00","go","788"
"2018-10-01 00:00:00","java","12454"
"2018-10-01 00:00:00","javascript","17338"
"2018-10-01 00:00:00","perl","277"
"2018-10-01 00:00:00","php","8103"
"2018-10-01 00:00:00","python","18093"
"2018-10-01 00:00:00","r","4339"
"2018-10-01 00:00:00","ruby","894"
"2018-10-01 00:00:00","swift","3260"
"2018-11-01 00:00:00","assembly","301"
"2018-11-01 00:00:00","c","2513"
"2018-11-01 00:00:00","c#","8443"
"2018-11-01 00:00:00","c++","4326"
"2018-11-01 00:00:00","delphi","179"
"2018-11-01 00:00:00","go","716"
"2018-11-01 00:00:00","java","11654"
"2018-11-01 00:00:00","javascript","16118"
"2018-11-01 00:00:00","perl","234"
"2018-11-01 00:00:00","php","7047"
"2018-11-01 00:00:00","python","17943"
"2018-11-01 00:00:00","r","4213"
"2018-11-01 00:00:00","ruby","833"
"2018-11-01 00:00:00","swift","2972"
"2018-12-01 00:00:00","assembly","218"
"2018-12-01 00:00:00","c","2183"
"2018-12-01 00:00:00","c#","7511"
"2018-12-01 00:00:00","c++","3541"
"2018-12-01 00:00:00","delphi","173"
"2018-12-01 00:00:00","go","656"
"2018-12-01 00:00:00","java","10396"
"2018-12-01 00:00:00","javascript","14211"
"2018-12-01 00:00:00","perl","217"
"2018-12-01 00:00:00","php","6189"
"2018-12-01 00:00:00","python","15665"
"2018-12-01 00:00:00","r","3389"
"2018-12-01 00:00:00","ruby","806"
"2018-12-01 00:00:00","swift","2774"
"2019-01-01 00:00:00","assembly","219"
"2019-01-01 00:00:00","c","2270"
"2019-01-01 00:00:00","c#","8717"
"2019-01-01 00:00:00","c++","3892"
"2019-01-01 00:00:00","delphi","213"
"2019-01-01 00:00:00","go","651"
"2019-01-01 00:00:00","java","10981"
"2019-01-01 00:00:00","javascript","15968"
"2019-01-01 00:00:00","perl","261"
"2019-01-01 00:00:00","php","7130"
"2019-01-01 00:00:00","python","16886"
"2019-01-01 00:00:00","r","3935"
"2019-01-01 00:00:00","ruby","915"
"2019-01-01 00:00:00","swift","2893"
"2019-02-01 00:00:00","assembly","223"
"2019-02-01 00:00:00","c","2045"
"2019-02-01 00:00:00","c#","8318"
"2019-02-01 00:00:00","c++","3714"
"2019-02-01 00:00:00","delphi","190"
"2019-02-01 00:00:00","go","624"
"2019-02-01 00:00:00","java","10941"
"2019-02-01 00:00:00","javascript","15626"
"2019-02-01 00:00:00","perl","249"
"2019-02-01 00:00:00","php","7238"
"2019-02-01 00:00:00","python","17476"
"2019-02-01 00:00:00","r","4236"
"2019-02-01 00:00:00","ruby","784"
"2019-02-01 00:00:00","swift","2669"
"2019-03-01 00:00:00","assembly","276"
"2019-03-01 00:00:00","c","2369"
"2019-03-01 00:00:00","c#","8924"
"2019-03-01 00:00:00","c++","4407"
"2019-03-01 00:00:00","delphi","184"
"2019-03-01 00:00:00","go","718"
"2019-03-01 00:00:00","java","11982"
"2019-03-01 00:00:00","javascript","17270"
"2019-03-01 00:00:00","perl","231"
"2019-03-01 00:00:00","php","7744"
"2019-03-01 00:00:00","python","19832"
"2019-03-01 00:00:00","r","4480"
"2019-03-01 00:00:00","ruby","839"
"2019-03-01 00:00:00","swift","2935"
"2019-04-01 00:00:00","assembly","303"
"2019-04-01 00:00:00","c","2419"
"2019-04-01 00:00:00","c#","9069"
"2019-04-01 00:00:00","c++","4360"
"2019-04-01 00:00:00","delphi","203"
"2019-04-01 00:00:00","go","647"
"2019-04-01 00:00:00","java","11111"
"2019-04-01 00:00:00","javascript","16104"
"2019-04-01 00:00:00","perl","205"
"2019-04-01 00:00:00","php","7153"
"2019-04-01 00:00:00","python","19759"
"2019-04-01 00:00:00","r","4591"
"2019-04-01 00:00:00","ruby","767"
"2019-04-01 00:00:00","swift","3057"
"2019-05-01 00:00:00","assembly","234"
"2019-05-01 00:00:00","c","2085"
"2019-05-01 00:00:00","c#","8992"
"2019-05-01 00:00:00","c++","4111"
"2019-05-01 00:00:00","delphi","168"
"2019-05-01 00:00:00","go","670"
"2019-05-01 00:00:00","java","11026"
"2019-05-01 00:00:00","javascript","16080"
"2019-05-01 00:00:00","perl","220"
"2019-05-01 00:00:00","php","6922"
"2019-05-01 00:00:00","python","18830"
"2019-05-01 00:00:00","r","4292"
"2019-05-01 00:00:00","ruby","760"
"2019-05-01 00:00:00","swift","3089"
"2019-06-01 00:00:00","assembly","199"
"2019-06-01 00:00:00","c","1718"
"2019-06-01 00:00:00","c#","7567"
"2019-06-01 00:00:00","c++","3629"
"2019-06-01 00:00:00","delphi","134"
"2019-06-01 00:00:00","go","524"
"2019-06-01 00:00:00","java","9587"
"2019-06-01 00:00:00","javascript","14747"
"2019-06-01 00:00:00","perl","235"
"2019-06-01 00:00:00","php","5986"
"2019-06-01 00:00:00","python","17165"
"2019-06-01 00:00:00","r","3942"
"2019-06-01 00:00:00","ruby","701"
"2019-06-01 00:00:00","swift","3084"
"2019-07-01 00:00:00","assembly","187"
"2019-07-01 00:00:00","c","1745"
"2019-07-01 00:00:00","c#","8412"
"2019-07-01 00:00:00","c++","4251"
"2019-07-01 00:00:00","delphi","164"
"2019-07-01 00:00:00","go","623"
"2019-07-01 00:00:00","java","10781"
"2019-07-01 00:00:00","javascript","16070"
"2019-07-01 00:00:00","perl","236"
"2019-07-01 00:00:00","php","6629"
"2019-07-01 00:00:00","python","19667"
"2019-07-01 00:00:00","r","4187"
"2019-07-01 00:00:00","ruby","757"
"2019-07-01 00:00:00","swift","3035"
"2019-08-01 00:00:00","assembly","166"
"2019-08-01 00:00:00","c","1539"
"2019-08-01 00:00:00","c#","7671"
"2019-08-01 00:00:00","c++","3266"
"2019-08-01 00:00:00","delphi","174"
"2019-08-01 00:00:00","go","628"
"2019-08-01 00:00:00","java","9040"
"2019-08-01 00:00:00","javascript","15151"
"2019-08-01 00:00:00","perl","192"
"2019-08-01 00:00:00","php","5808"
"2019-08-01 00:00:00","python","17952"
"2019-08-01 00:00:00","r","3943"
"2019-08-01 00:00:00","ruby","776"
"2019-08-01 00:00:00","swift","2530"
"2019-09-01 00:00:00","assembly","221"
"2019-09-01 00:00:00","c","1997"
"2019-09-01 00:00:00","c#","7813"
"2019-09-01 00:00:00","c++","3760"
"2019-09-01 00:00:00","delphi","145"
"2019-09-01 00:00:00","go","615"
"2019-09-01 00:00:00","java","9613"
"2019-09-01 00:00:00","javascript","14805"
"2019-09-01 00:00:00","perl","198"
"2019-09-01 00:00:00","php","5531"
"2019-09-01 00:00:00","python","16814"
"2019-09-01 00:00:00","r","3931"
"2019-09-01 00:00:00","ruby","714"
"2019-09-01 00:00:00","swift","2557"
"2019-10-01 00:00:00","assembly","316"
"2019-10-01 00:00:00","c","2469"
"2019-10-01 00:00:00","c#","8372"
"2019-10-01 00:00:00","c++","4815"
"2019-10-01 00:00:00","delphi","152"
"2019-10-01 00:00:00","go","631"
"2019-10-01 00:00:00","java","11145"
"2019-10-01 00:00:00","javascript","15917"
"2019-10-01 00:00:00","perl","208"
"2019-10-01 00:00:00","php","6028"
"2019-10-01 00:00:00","python","20368"
"2019-10-01 00:00:00","r","4374"
"2019-10-01 00:00:00","ruby","847"
"2019-10-01 00:00:00","swift","3101"
"2019-11-01 00:00:00","assembly","280"
"2019-11-01 00:00:00","c","2495"
"2019-11-01 00:00:00","c#","7991"
"2019-11-01 00:00:00","c++","4703"
"2019-11-01 00:00:00","delphi","170"
"2019-11-01 00:00:00","go","600"
"2019-11-01 00:00:00","java","10266"
"2019-11-01 00:00:00","javascript","15665"
"2019-11-01 00:00:00","perl","219"
"2019-11-01 00:00:00","php","6078"
"2019-11-01 00:00:00","python","20514"
"2019-11-01 00:00:00","r","4278"
"2019-11-01 00:00:00","ruby","684"
"2019-11-01 00:00:00","swift","2856"
"2019-12-01 00:00:00","assembly","248"
"2019-12-01 00:00:00","c","2135"
"2019-12-01 00:00:00","c#","7176"
"2019-12-01 00:00:00","c++","4177"
"2019-12-01 00:00:00","delphi","125"
"2019-12-01 00:00:00","go","612"
"2019-12-01 00:00:00","java","8966"
"2019-12-01 00:00:00","javascript","14237"
"2019-12-01 00:00:00","perl","156"
"2019-12-01 00:00:00","php","5215"
"2019-12-01 00:00:00","python","18015"
"2019-12-01 00:00:00","r","3738"
"2019-12-01 00:00:00","ruby","667"
"2019-12-01 00:00:00","swift","2653"
"2020-01-01 00:00:00","assembly","228"
"2020-01-01 00:00:00","c","2037"
"2020-01-01 00:00:00","c#","7758"
"2020-01-01 00:00:00","c++","4197"
"2020-01-01 00:00:00","delphi","163"
"2020-01-01 00:00:00","go","645"
"2020-01-01 00:00:00","java","9871"
"2020-01-01 00:00:00","javascript","15937"
"2020-01-01 00:00:00","perl","164"
"2020-01-01 00:00:00","php","5874"
"2020-01-01 00:00:00","python","19871"
"2020-01-01 00:00:00","r","4132"
"2020-01-01 00:00:00","ruby","761"
"2020-01-01 00:00:00","swift","2887"
"2020-02-01 00:00:00","assembly","270"
"2020-02-01 00:00:00","c","1971"
"2020-02-01 00:00:00","c#","7674"
"2020-02-01 00:00:00","c++","4059"
"2020-02-01 00:00:00","delphi","156"
"2020-02-01 00:00:00","go","655"
"2020-02-01 00:00:00","java","9980"
"2020-02-01 00:00:00","javascript","15668"
"2020-02-01 00:00:00","perl","178"
"2020-02-01 00:00:00","php","5630"
"2020-02-01 00:00:00","python","19921"
"2020-02-01 00:00:00","r","4666"
"2020-02-01 00:00:00","ruby","652"
"2020-02-01 00:00:00","swift","2747"
"2020-03-01 00:00:00","assembly","293"
"2020-03-01 00:00:00","c","2471"
"2020-03-01 00:00:00","c#","7754"
"2020-03-01 00:00:00","c++","4619"
"2020-03-01 00:00:00","delphi","166"
"2020-03-01 00:00:00","go","651"
"2020-03-01 00:00:00","java","11007"
"2020-03-01 00:00:00","javascript","17465"
"2020-03-01 00:00:00","perl","196"
"2020-03-01 00:00:00","php","5643"
"2020-03-01 00:00:00","python","22543"
"2020-03-01 00:00:00","r","5110"
"2020-03-01 00:00:00","ruby","709"
"2020-03-01 00:00:00","swift","2902"
"2020-04-01 00:00:00","assembly","373"
"2020-04-01 00:00:00","c","3232"
"2020-04-01 00:00:00","c#","8549"
"2020-04-01 00:00:00","c++","6174"
"2020-04-01 00:00:00","delphi","231"
"2020-04-01 00:00:00","go","792"
"2020-04-01 00:00:00","java","12542"
"2020-04-01 00:00:00","javascript","20780"
"2020-04-01 00:00:00","perl","218"
"2020-04-01 00:00:00","php","6591"
"2020-04-01 00:00:00","python","27474"
"2020-04-01 00:00:00","r","6172"
"2020-04-01 00:00:00","ruby","760"
"2020-04-01 00:00:00","swift","3433"
"2020-05-01 00:00:00","assembly","357"
"2020-05-01 00:00:00","c","3351"
"2020-05-01 00:00:00","c#","8554"
"2020-05-01 00:00:00","c++","6364"
"2020-05-01 00:00:00","delphi","200"
"2020-05-01 00:00:00","go","749"
"2020-05-01 00:00:00","java","11945"
"2020-05-01 00:00:00","javascript","21375"
"2020-05-01 00:00:00","perl","211"
"2020-05-01 00:00:00","php","6485"
"2020-05-01 00:00:00","python","29287"
"2020-05-01 00:00:00","r","6003"
"2020-05-01 00:00:00","ruby","694"
"2020-05-01 00:00:00","swift","3498"
"2020-06-01 00:00:00","assembly","327"
"2020-06-01 00:00:00","c","2580"
"2020-06-01 00:00:00","c#","7865"
"2020-06-01 00:00:00","c++","5593"
"2020-06-01 00:00:00","delphi","202"
"2020-06-01 00:00:00","go","705"
"2020-06-01 00:00:00","java","10770"
"2020-06-01 00:00:00","javascript","19693"
"2020-06-01 00:00:00","perl","198"
"2020-06-01 00:00:00","php","5901"
"2020-06-01 00:00:00","python","26993"
"2020-06-01 00:00:00","r","5431"
"2020-06-01 00:00:00","ruby","611"
"2020-06-01 00:00:00","swift","3143"
"2020-07-01 00:00:00","assembly","269"
"2020-07-01 00:00:00","c","2087"
"2020-07-01 00:00:00","c#","7768"
"2020-07-01 00:00:00","c++","5146"
"2020-07-01 00:00:00","delphi","192"
"2020-07-01 00:00:00","go","638"
"2020-07-01 00:00:00","java","10397"
"2020-07-01 00:00:00","javascript","19782"
"2020-07-01 00:00:00","perl","175"
"2020-07-01 00:00:00","php","5916"
"2020-07-01 00:00:00","python","26174"
"2020-07-01 00:00:00","r","4931"
"2020-07-01 00:00:00","ruby","695"
"2020-07-01 00:00:00","swift","2976"
"2020-08-01 00:00:00","assembly","264"
"2020-08-01 00:00:00","c","1887"
"2020-08-01 00:00:00","c#","7037"
"2020-08-01 00:00:00","c++","4759"
"2020-08-01 00:00:00","delphi","183"
"2020-08-01 00:00:00","go","704"
"2020-08-01 00:00:00","java","9258"
"2020-08-01 00:00:00","javascript","17942"
"2020-08-01 00:00:00","perl","192"
"2020-08-01 00:00:00","php","4971"
"2020-08-01 00:00:00","python","22920"
"2020-08-01 00:00:00","r","4486"
"2020-08-01 00:00:00","ruby","553"
"2020-08-01 00:00:00","swift","2653"
"2020-09-01 00:00:00","assembly","294"
"2020-09-01 00:00:00","c","2139"
"2020-09-01 00:00:00","c#","6428"
"2020-09-01 00:00:00","c++","3901"
"2020-09-01 00:00:00","delphi","172"
"2020-09-01 00:00:00","go","727"
"2020-09-01 00:00:00","java","8895"
"2020-09-01 00:00:00","javascript","16694"
"2020-09-01 00:00:00","perl","165"
"2020-09-01 00:00:00","php","4748"
"2020-09-01 00:00:00","python","21610"
"2020-09-01 00:00:00","r","4748"
"2020-09-01 00:00:00","ruby","512"
"2020-09-01 00:00:00","swift","2540"
"2020-10-01 00:00:00","assembly","343"
"2020-10-01 00:00:00","c","2356"
"2020-10-01 00:00:00","c#","6164"
"2020-10-01 00:00:00","c++","4298"
"2020-10-01 00:00:00","delphi","180"
"2020-10-01 00:00:00","go","589"
"2020-10-01 00:00:00","java","8892"
"2020-10-01 00:00:00","javascript","16340"
"2020-10-01 00:00:00","perl","170"
"2020-10-01 00:00:00","php","4560"
"2020-10-01 00:00:00","python","22669"
"2020-10-01 00:00:00","r","5061"
"2020-10-01 00:00:00","ruby","491"
"2020-10-01 00:00:00","swift","2302"
"2020-11-01 00:00:00","assembly","373"
"2020-11-01 00:00:00","c","2682"
"2020-11-01 00:00:00","c#","5958"
"2020-11-01 00:00:00","c++","4291"
"2020-11-01 00:00:00","delphi","193"
"2020-11-01 00:00:00","go","523"
"2020-11-01 00:00:00","java","8434"
"2020-11-01 00:00:00","javascript","15429"
"2020-11-01 00:00:00","perl","149"
"2020-11-01 00:00:00","php","4596"
"2020-11-01 00:00:00","python","22033"
"2020-11-01 00:00:00","r","4796"
"2020-11-01 00:00:00","ruby","501"
"2020-11-01 00:00:00","swift","2151"
"2020-12-01 00:00:00","assembly","297"
"2020-12-01 00:00:00","c","2632"
"2020-12-01 00:00:00","c#","5714"
"2020-12-01 00:00:00","c++","4432"
"2020-12-01 00:00:00","delphi","190"
"2020-12-01 00:00:00","go","533"
"2020-12-01 00:00:00","java","7760"
"2020-12-01 00:00:00","javascript","15929"
"2020-12-01 00:00:00","perl","131"
"2020-12-01 00:00:00","php","4777"
"2020-12-01 00:00:00","python","22048"
"2020-12-01 00:00:00","r","4326"
"2020-12-01 00:00:00","ruby","497"
"2020-12-01 00:00:00","swift","2089"
"2021-01-01 00:00:00","assembly","306"
"2021-01-01 00:00:00","c","2557"
"2021-01-01 00:00:00","c#","6158"
"2021-01-01 00:00:00","c++","4089"
"2021-01-01 00:00:00","delphi","199"
"2021-01-01 00:00:00","go","563"
"2021-01-01 00:00:00","java","7996"
"2021-01-01 00:00:00","javascript","16774"
"2021-01-01 00:00:00","perl","145"
"2021-01-01 00:00:00","php","4742"
"2021-01-01 00:00:00","python","22761"
"2021-01-01 00:00:00","r","4335"
"2021-01-01 00:00:00","ruby","522"
"2021-01-01 00:00:00","swift","2300"
"2021-02-01 00:00:00","assembly","244"
"2021-02-01 00:00:00","c","2230"
"2021-02-01 00:00:00","c#","5769"
"2021-02-01 00:00:00","c++","4074"
"2021-02-01 00:00:00","delphi","187"
"2021-02-01 00:00:00","go","564"
"2021-02-01 00:00:00","java","7533"
"2021-02-01 00:00:00","javascript","15190"
"2021-02-01 00:00:00","perl","133"
"2021-02-01 00:00:00","php","4376"
"2021-02-01 00:00:00","python","21292"
"2021-02-01 00:00:00","r","4315"
"2021-02-01 00:00:00","ruby","529"
"2021-02-01 00:00:00","swift","2244"
"2021-03-01 00:00:00","assembly","317"
"2021-03-01 00:00:00","c","2473"
"2021-03-01 00:00:00","c#","6353"
"2021-03-01 00:00:00","c++","4274"
"2021-03-01 00:00:00","delphi","254"
"2021-03-01 00:00:00","go","751"
"2021-03-01 00:00:00","java","8621"
"2021-03-01 00:00:00","javascript","16665"
"2021-03-01 00:00:00","perl","151"
"2021-03-01 00:00:00","php","4726"
"2021-03-01 00:00:00","python","23694"
"2021-03-01 00:00:00","r","5160"
"2021-03-01 00:00:00","ruby","495"
"2021-03-01 00:00:00","swift","2368"
"2021-04-01 00:00:00","assembly","318"
"2021-04-01 00:00:00","c","2287"
"2021-04-01 00:00:00","c#","5865"
"2021-04-01 00:00:00","c++","3907"
"2021-04-01 00:00:00","delphi","170"
"2021-04-01 00:00:00","go","619"
"2021-04-01 00:00:00","java","7875"
"2021-04-01 00:00:00","javascript","15763"
"2021-04-01 00:00:00","perl","136"
"2021-04-01 00:00:00","php","4291"
"2021-04-01 00:00:00","python","22259"
"2021-04-01 00:00:00","r","4787"
"2021-04-01 00:00:00","ruby","515"
"2021-04-01 00:00:00","swift","2094"
"2021-05-01 00:00:00","assembly","300"
"2021-05-01 00:00:00","c","2074"
"2021-05-01 00:00:00","c#","5694"
"2021-05-01 00:00:00","c++","4158"
"2021-05-01 00:00:00","delphi","167"
"2021-05-01 00:00:00","go","638"
"2021-05-01 00:00:00","java","7897"
"2021-05-01 00:00:00","javascript","15705"
"2021-05-01 00:00:00","perl","120"
"2021-05-01 00:00:00","php","4244"
"2021-05-01 00:00:00","python","22244"
"2021-05-01 00:00:00","r","4657"
"2021-05-01 00:00:00","ruby","399"
"2021-05-01 00:00:00","swift","1845"
"2021-06-01 00:00:00","assembly","257"
"2021-06-01 00:00:00","c","1859"
"2021-06-01 00:00:00","c#","5588"
"2021-06-01 00:00:00","c++","3799"
"2021-06-01 00:00:00","delphi","125"
"2021-06-01 00:00:00","go","606"
"2021-06-01 00:00:00","java","7536"
"2021-06-01 00:00:00","javascript","14894"
"2021-06-01 00:00:00","perl","154"
"2021-06-01 00:00:00","php","4052"
"2021-06-01 00:00:00","python","20746"
"2021-06-01 00:00:00","r","4269"
"2021-06-01 00:00:00","ruby","417"
"2021-06-01 00:00:00","swift","1776"
"2021-07-01 00:00:00","assembly","184"
"2021-07-01 00:00:00","c","1606"
"2021-07-01 00:00:00","c#","5173"
"2021-07-01 00:00:00","c++","3471"
"2021-07-01 00:00:00","delphi","140"
"2021-07-01 00:00:00","go","602"
"2021-07-01 00:00:00","java","6911"
"2021-07-01 00:00:00","javascript","14670"
"2021-07-01 00:00:00","perl","138"
"2021-07-01 00:00:00","php","3878"
"2021-07-01 00:00:00","python","20450"
"2021-07-01 00:00:00","r","4040"
"2021-07-01 00:00:00","ruby","444"
"2021-07-01 00:00:00","swift","1949"
"2021-08-01 00:00:00","assembly","161"
"2021-08-01 00:00:00","c","1522"
"2021-08-01 00:00:00","c#","5083"
"2021-08-01 00:00:00","c++","3225"
"2021-08-01 00:00:00","delphi","133"
"2021-08-01 00:00:00","go","740"
"2021-08-01 00:00:00","java","6702"
"2021-08-01 00:00:00","javascript","14518"
"2021-08-01 00:00:00","perl","118"
"2021-08-01 00:00:00","php","3842"
"2021-08-01 00:00:00","python","19718"
"2021-08-01 00:00:00","r","4029"
"2021-08-01 00:00:00","ruby","445"
"2021-08-01 00:00:00","swift","1879"
"2021-09-01 00:00:00","assembly","190"
"2021-09-01 00:00:00","c","1697"
"2021-09-01 00:00:00","c#","5017"
"2021-09-01 00:00:00","c++","3572"
"2021-09-01 00:00:00","delphi","133"
"2021-09-01 00:00:00","go","615"
"2021-09-01 00:00:00","java","6576"
"2021-09-01 00:00:00","javascript","14323"
"2021-09-01 00:00:00","perl","112"
"2021-09-01 00:00:00","php","3697"
"2021-09-01 00:00:00","python","18889"
"2021-09-01 00:00:00","r","3892"
"2021-09-01 00:00:00","ruby","444"
"2021-09-01 00:00:00","swift","1611"
"2021-10-01 00:00:00","assembly","203"
"2021-10-01 00:00:00","c","2085"
"2021-10-01 00:00:00","c#","5250"
"2021-10-01 00:00:00","c++","3688"
"2021-10-01 00:00:00","delphi","143"
"2021-10-01 00:00:00","go","697"
"2021-10-01 00:00:00","java","6520"
"2021-10-01 00:00:00","javascript","13729"
"2021-10-01 00:00:00","perl","127"
"2021-10-01 00:00:00","php","3581"
"2021-10-01 00:00:00","python","19680"
"2021-10-01 00:00:00","r","4161"
"2021-10-01 00:00:00","ruby","413"
"2021-10-01 00:00:00","swift","1561"
"2021-11-01 00:00:00","assembly","279"
"2021-11-01 00:00:00","c","2199"
"2021-11-01 00:00:00","c#","5548"
"2021-11-01 00:00:00","c++","3786"
"2021-11-01 00:00:00","delphi","138"
"2021-11-01 00:00:00","go","646"
"2021-11-01 00:00:00","java","6868"
"2021-11-01 00:00:00","javascript","13357"
"2021-11-01 00:00:00","perl","76"
"2021-11-01 00:00:00","php","3469"
"2021-11-01 00:00:00","python","19915"
"2021-11-01 00:00:00","r","4018"
"2021-11-01 00:00:00","ruby","391"
"2021-11-01 00:00:00","swift","1529"
"2021-12-01 00:00:00","assembly","263"
"2021-12-01 00:00:00","c","2090"
"2021-12-01 00:00:00","c#","4998"
"2021-12-01 00:00:00","c++","3545"
"2021-12-01 00:00:00","delphi","143"
"2021-12-01 00:00:00","go","710"
"2021-12-01 00:00:00","java","6137"
"2021-12-01 00:00:00","javascript","12987"
"2021-12-01 00:00:00","perl","100"
"2021-12-01 00:00:00","php","3217"
"2021-12-01 00:00:00","python","18896"
"2021-12-01 00:00:00","r","3535"
"2021-12-01 00:00:00","ruby","365"
"2021-12-01 00:00:00","swift","1409"
"2022-01-01 00:00:00","assembly","227"
"2022-01-01 00:00:00","c","1939"
"2022-01-01 00:00:00","c#","5238"
"2022-01-01 00:00:00","c++","3587"
"2022-01-01 00:00:00","delphi","132"
"2022-01-01 00:00:00","go","737"
"2022-01-01 00:00:00","java","6395"
"2022-01-01 00:00:00","javascript","13854"
"2022-01-01 00:00:00","perl","126"
"2022-01-01 00:00:00","php","3356"
"2022-01-01 00:00:00","python","19559"
"2022-01-01 00:00:00","r","3842"
"2022-01-01 00:00:00","ruby","442"
"2022-01-01 00:00:00","swift","1721"
"2022-02-01 00:00:00","assembly","213"
"2022-02-01 00:00:00","c","1667"
"2022-02-01 00:00:00","c#","5066"
"2022-02-01 00:00:00","c++","3175"
"2022-02-01 00:00:00","delphi","166"
"2022-02-01 00:00:00","go","640"
"2022-02-01 00:00:00","java","5878"
"2022-02-01 00:00:00","javascript","12724"
"2022-02-01 00:00:00","perl","96"
"2022-02-01 00:00:00","php","3101"
"2022-02-01 00:00:00","python","19156"
"2022-02-01 00:00:00","r","3904"
"2022-02-01 00:00:00","ruby","403"
"2022-02-01 00:00:00","swift","1592"
"2022-03-01 00:00:00","assembly","232"
"2022-03-01 00:00:00","c","1938"
"2022-03-01 00:00:00","c#","5636"
"2022-03-01 00:00:00","c++","3490"
"2022-03-01 00:00:00","delphi","119"
"2022-03-01 00:00:00","go","755"
"2022-03-01 00:00:00","java","6525"
"2022-03-01 00:00:00","javascript","13488"
"2022-03-01 00:00:00","perl","103"
"2022-03-01 00:00:00","php","3113"
"2022-03-01 00:00:00","python","20592"
"2022-03-01 00:00:00","r","4475"
"2022-03-01 00:00:00","ruby","442"
"2022-03-01 00:00:00","swift","1728"
"2022-04-01 00:00:00","assembly","247"
"2022-04-01 00:00:00","c","1733"
"2022-04-01 00:00:00","c#","5168"
"2022-04-01 00:00:00","c++","3450"
"2022-04-01 00:00:00","delphi","112"
"2022-04-01 00:00:00","go","707"
"2022-04-01 00:00:00","java","6318"
"2022-04-01 00:00:00","javascript","13383"
"2022-04-01 00:00:00","perl","100"
"2022-04-01 00:00:00","php","3161"
"2022-04-01 00:00:00","python","19725"
"2022-04-01 00:00:00","r","4173"
"2022-04-01 00:00:00","ruby","431"
"2022-04-01 00:00:00","swift","1438"
"2022-05-01 00:00:00","assembly","254"
"2022-05-01 00:00:00","c","1761"
"2022-05-01 00:00:00","c#","5465"
"2022-05-01 00:00:00","c++","3506"
"2022-05-01 00:00:00","delphi","119"
"2022-05-01 00:00:00","go","602"
"2022-05-01 00:00:00","java","6427"
"2022-05-01 00:00:00","javascript","13212"
"2022-05-01 00:00:00","perl","90"
"2022-05-01 00:00:00","php","3349"
"2022-05-01 00:00:00","python","19273"
"2022-05-01 00:00:00","r","4131"
"2022-05-01 00:00:00","ruby","435"
"2022-05-01 00:00:00","swift","1448"
"2022-06-01 00:00:00","assembly","237"
"2022-06-01 00:00:00","c","1553"
"2022-06-01 00:00:00","c#","5280"
"2022-06-01 00:00:00","c++","3060"
"2022-06-01 00:00:00","delphi","110"
"2022-06-01 00:00:00","go","674"
"2022-06-01 00:00:00","java","5682"
"2022-06-01 00:00:00","javascript","12542"
"2022-06-01 00:00:00","perl","123"
"2022-06-01 00:00:00","php","3180"
"2022-06-01 00:00:00","python","18646"
"2022-06-01 00:00:00","r","3885"
"2022-06-01 00:00:00","ruby","423"
"2022-06-01 00:00:00","swift","1500"
"2022-07-01 00:00:00","assembly","203"
"2022-07-01 00:00:00","c","1375"
"2022-07-01 00:00:00","c#","5201"
"2022-07-01 00:00:00","c++","2970"
"2022-07-01 00:00:00","delphi","117"
"2022-07-01 00:00:00","go","678"
"2022-07-01 00:00:00","java","5367"
"2022-07-01 00:00:00","javascript","12652"
"2022-07-01 00:00:00","perl","125"
"2022-07-01 00:00:00","php","3069"
"2022-07-01 00:00:00","python","18920"
"2022-07-01 00:00:00","r","3649"
"2022-07-01 00:00:00","ruby","403"
"2022-07-01 00:00:00","swift","1461"
"2022-08-01 00:00:00","assembly","162"
"2022-08-01 00:00:00","c","1426"
"2022-08-01 00:00:00","c#","5451"
"2022-08-01 00:00:00","c++","2930"
"2022-08-01 00:00:00","delphi","115"
"2022-08-01 00:00:00","go","786"
"2022-08-01 00:00:00","java","5265"
"2022-08-01 00:00:00","javascript","12980"
"2022-08-01 00:00:00","perl","116"
"2022-08-01 00:00:00","php","3101"
"2022-08-01 00:00:00","python","18562"
"2022-08-01 00:00:00","r","3775"
"2022-08-01 00:00:00","ruby","424"
"2022-08-01 00:00:00","swift","1466"
"2022-09-01 00:00:00","assembly","174"
"2022-09-01 00:00:00","c","1540"
"2022-09-01 00:00:00","c#","4961"
"2022-09-01 00:00:00","c++","2764"
"2022-09-01 00:00:00","delphi","134"
"2022-09-01 00:00:00","go","783"
"2022-09-01 00:00:00","java","5011"
"2022-09-01 00:00:00","javascript","11819"
"2022-09-01 00:00:00","perl","82"
"2022-09-01 00:00:00","php","2822"
"2022-09-01 00:00:00","python","16984"
"2022-09-01 00:00:00","r","3528"
"2022-09-01 00:00:00","ruby","399"
"2022-09-01 00:00:00","swift","1483"
"2022-10-01 00:00:00","assembly","223"
"2022-10-01 00:00:00","c","1879"
"2022-10-01 00:00:00","c#","5008"
"2022-10-01 00:00:00","c++","2917"
"2022-10-01 00:00:00","delphi","137"
"2022-10-01 00:00:00","go","676"
"2022-10-01 00:00:00","java","5250"
"2022-10-01 00:00:00","javascript","11553"
"2022-10-01 00:00:00","perl","80"
"2022-10-01 00:00:00","php","2752"
"2022-10-01 00:00:00","python","18394"
"2022-10-01 00:00:00","r","3904"
"2022-10-01 00:00:00","ruby","372"
"2022-10-01 00:00:00","swift","1323"
"2022-11-01 00:00:00","assembly","267"
"2022-11-01 00:00:00","c","1995"
"2022-11-01 00:00:00","c#","5147"
"2022-11-01 00:00:00","c++","2946"
"2022-11-01 00:00:00","delphi","107"
"2022-11-01 00:00:00","go","693"
"2022-11-01 00:00:00","java","5379"
"2022-11-01 00:00:00","javascript","11652"
"2022-11-01 00:00:00","perl","107"
"2022-11-01 00:00:00","php","2770"
"2022-11-01 00:00:00","python","18740"
"2022-11-01 00:00:00","r","3982"
"2022-11-01 00:00:00","ruby","412"
"2022-11-01 00:00:00","swift","1375"
"2022-12-01 00:00:00","assembly","258"
"2022-12-01 00:00:00","c","1716"
"2022-12-01 00:00:00","c#","4639"
"2022-12-01 00:00:00","c++","2601"
"2022-12-01 00:00:00","delphi","81"
"2022-12-01 00:00:00","go","597"
"2022-12-01 00:00:00","java","4774"
"2022-12-01 00:00:00","javascript","10200"
"2022-12-01 00:00:00","perl","94"
"2022-12-01 00:00:00","php","2353"
"2022-12-01 00:00:00","python","15760"
"2022-12-01 00:00:00","r","3203"
"2022-12-01 00:00:00","ruby","341"
"2022-12-01 00:00:00","swift","1217"
"2023-01-01 00:00:00","assembly","224"
"2023-01-01 00:00:00","c","1429"
"2023-01-01 00:00:00","c#","4681"
"2023-01-01 00:00:00","c++","2401"
"2023-01-01 00:00:00","delphi","107"
"2023-01-01 00:00:00","go","686"
"2023-01-01 00:00:00","java","4665"
"2023-01-01 00:00:00","javascript","9975"
"2023-01-01 00:00:00","perl","71"
"2023-01-01 00:00:00","php","2523"
"2023-01-01 00:00:00","python","14888"
"2023-01-01 00:00:00","r","3250"
"2023-01-01 00:00:00","ruby","326"
"2023-01-01 00:00:00","swift","1198"
"2023-02-01 00:00:00","assembly","169"
"2023-02-01 00:00:00","c","1225"
"2023-02-01 00:00:00","c#","4099"
"2023-02-01 00:00:00","c++","2030"
"2023-02-01 00:00:00","delphi","121"
"2023-02-01 00:00:00","go","617"
"2023-02-01 00:00:00","java","4073"
"2023-02-01 00:00:00","javascript","8436"
"2023-02-01 00:00:00","perl","78"
"2023-02-01 00:00:00","php","2007"
"2023-02-01 00:00:00","python","12962"
"2023-02-01 00:00:00","r","3258"
"2023-02-01 00:00:00","ruby","312"
"2023-02-01 00:00:00","swift","1059"
"2023-03-01 00:00:00","assembly","160"
"2023-03-01 00:00:00","c","1178"
"2023-03-01 00:00:00","c#","4221"
"2023-03-01 00:00:00","c++","2322"
"2023-03-01 00:00:00","delphi","120"
"2023-03-01 00:00:00","go","593"
"2023-03-01 00:00:00","java","4429"
"2023-03-01 00:00:00","javascript","8423"
"2023-03-01 00:00:00","perl","93"
"2023-03-01 00:00:00","php","1880"
"2023-03-01 00:00:00","python","12719"
"2023-03-01 00:00:00","r","3275"
"2023-03-01 00:00:00","ruby","263"
"2023-03-01 00:00:00","swift","1126"
"2023-04-01 00:00:00","assembly","177"
"2023-04-01 00:00:00","c","1092"
"2023-04-01 00:00:00","c#","3294"
"2023-04-01 00:00:00","c++","1763"
"2023-04-01 00:00:00","delphi","113"
"2023-04-01 00:00:00","go","477"
"2023-04-01 00:00:00","java","3562"
"2023-04-01 00:00:00","javascript","6511"
"2023-04-01 00:00:00","perl","55"
"2023-04-01 00:00:00","php","1578"
"2023-04-01 00:00:00","python","9992"
"2023-04-01 00:00:00","r","2571"
"2023-04-01 00:00:00","ruby","198"
"2023-04-01 00:00:00","swift","891"
"2023-05-01 00:00:00","assembly","158"
"2023-05-01 00:00:00","c","977"
"2023-05-01 00:00:00","c#","3217"
"2023-05-01 00:00:00","c++","1625"
"2023-05-01 00:00:00","delphi","100"
"2023-05-01 00:00:00","go","390"
"2023-05-01 00:00:00","java","3288"
"2023-05-01 00:00:00","javascript","6093"
"2023-05-01 00:00:00","perl","52"
"2023-05-01 00:00:00","php","1605"
"2023-05-01 00:00:00","python","9498"
"2023-05-01 00:00:00","r","2346"
"2023-05-01 00:00:00","ruby","222"
"2023-05-01 00:00:00","swift","802"
"2023-06-01 00:00:00","assembly","139"
"2023-06-01 00:00:00","c","813"
"2023-06-01 00:00:00","c#","3231"
"2023-06-01 00:00:00","c++","1639"
"2023-06-01 00:00:00","delphi","107"
"2023-06-01 00:00:00","go","494"
"2023-06-01 00:00:00","java","3304"
"2023-06-01 00:00:00","javascript","5841"
"2023-06-01 00:00:00","perl","54"
"2023-06-01 00:00:00","php","1548"
"2023-06-01 00:00:00","python","9022"
"2023-06-01 00:00:00","r","2201"
"2023-06-01 00:00:00","ruby","190"
"2023-06-01 00:00:00","swift","926"
"2023-07-01 00:00:00","assembly","150"
"2023-07-01 00:00:00","c","838"
"2023-07-01 00:00:00","c#","3267"
"2023-07-01 00:00:00","c++","1656"
"2023-07-01 00:00:00","delphi","92"
"2023-07-01 00:00:00","go","488"
"2023-07-01 00:00:00","java","3134"
"2023-07-01 00:00:00","javascript","5892"
"2023-07-01 00:00:00","perl","65"
"2023-07-01 00:00:00","php","1442"
"2023-07-01 00:00:00","python","8969"
"2023-07-01 00:00:00","r","2017"
"2023-07-01 00:00:00","ruby","200"
"2023-07-01 00:00:00","swift","933"
"2023-08-01 00:00:00","assembly","135"
"2023-08-01 00:00:00","c","794"
"2023-08-01 00:00:00","c#","3086"
"2023-08-01 00:00:00","c++","1515"
"2023-08-01 00:00:00","delphi","93"
"2023-08-01 00:00:00","go","461"
"2023-08-01 00:00:00","java","3038"
"2023-08-01 00:00:00","javascript","5212"
"2023-08-01 00:00:00","perl","48"
"2023-08-01 00:00:00","php","1502"
"2023-08-01 00:00:00","python","8218"
"2023-08-01 00:00:00","r","1992"
"2023-08-01 00:00:00","ruby","175"
"2023-08-01 00:00:00","swift","766"
"2023-09-01 00:00:00","assembly","136"
"2023-09-01 00:00:00","c","821"
"2023-09-01 00:00:00","c#","2650"
"2023-09-01 00:00:00","c++","1379"
"2023-09-01 00:00:00","delphi","98"
"2023-09-01 00:00:00","go","397"
"2023-09-01 00:00:00","java","2673"
"2023-09-01 00:00:00","javascript","4481"
"2023-09-01 00:00:00","perl","58"
"2023-09-01 00:00:00","php","1386"
"2023-09-01 00:00:00","python","6945"
"2023-09-01 00:00:00","r","1737"
"2023-09-01 00:00:00","ruby","165"
"2023-09-01 00:00:00","swift","711"
"2023-10-01 00:00:00","assembly","160"
"2023-10-01 00:00:00","c","884"
"2023-10-01 00:00:00","c#","2620"
"2023-10-01 00:00:00","c++","1545"
"2023-10-01 00:00:00","delphi","143"
"2023-10-01 00:00:00","go","394"
"2023-10-01 00:00:00","java","2652"
"2023-10-01 00:00:00","javascript","4153"
"2023-10-01 00:00:00","perl","52"
"2023-10-01 00:00:00","php","1212"
"2023-10-01 00:00:00","python","7082"
"2023-10-01 00:00:00","r","1726"
"2023-10-01 00:00:00","ruby","164"
"2023-10-01 00:00:00","swift","731"
"2023-11-01 00:00:00","assembly","157"
"2023-11-01 00:00:00","c","892"
"2023-11-01 00:00:00","c#","2623"
"2023-11-01 00:00:00","c++","1321"
"2023-11-01 00:00:00","delphi","97"
"2023-11-01 00:00:00","go","381"
"2023-11-01 00:00:00","java","2583"
"2023-11-01 00:00:00","javascript","3993"
"2023-11-01 00:00:00","perl","44"
"2023-11-01 00:00:00","php","1187"
"2023-11-01 00:00:00","python","6717"
"2023-11-01 00:00:00","r","1656"
"2023-11-01 00:00:00","ruby","132"
"2023-11-01 00:00:00","swift","708"
"2023-12-01 00:00:00","assembly","167"
"2023-12-01 00:00:00","c","812"
"2023-12-01 00:00:00","c#","2250"
"2023-12-01 00:00:00","c++","1298"
"2023-12-01 00:00:00","delphi","69"
"2023-12-01 00:00:00","go","309"
"2023-12-01 00:00:00","java","2022"
"2023-12-01 00:00:00","javascript","3684"
"2023-12-01 00:00:00","perl","53"
"2023-12-01 00:00:00","php","987"
"2023-12-01 00:00:00","python","5571"
"2023-12-01 00:00:00","r","1341"
"2023-12-01 00:00:00","ruby","129"
"2023-12-01 00:00:00","swift","596"
"2024-01-01 00:00:00","assembly","163"
"2024-01-01 00:00:00","c","787"
"2024-01-01 00:00:00","c#","2296"
"2024-01-01 00:00:00","c++","1431"
"2024-01-01 00:00:00","delphi","84"
"2024-01-01 00:00:00","go","313"
"2024-01-01 00:00:00","java","2237"
"2024-01-01 00:00:00","javascript","3992"
"2024-01-01 00:00:00","perl","33"
"2024-01-01 00:00:00","php","1130"
"2024-01-01 00:00:00","python","6168"
"2024-01-01 00:00:00","r","1552"
"2024-01-01 00:00:00","ruby","148"
"2024-01-01 00:00:00","swift","698"
"2024-02-01 00:00:00","assembly","120"
"2024-02-01 00:00:00","c","727"
"2024-02-01 00:00:00","c#","2294"
"2024-02-01 00:00:00","c++","1318"
"2024-02-01 00:00:00","delphi","102"
"2024-02-01 00:00:00","go","285"
"2024-02-01 00:00:00","java","2202"
"2024-02-01 00:00:00","javascript","3634"
"2024-02-01 00:00:00","perl","36"
"2024-02-01 00:00:00","php","1054"
"2024-02-01 00:00:00","python","6152"
"2024-02-01 00:00:00","r","1540"
"2024-02-01 00:00:00","ruby","136"
"2024-02-01 00:00:00","swift","593"
"2024-03-01 00:00:00","assembly","135"
"2024-03-01 00:00:00","c","692"
"2024-03-01 00:00:00","c#","2266"
"2024-03-01 00:00:00","c++","1244"
"2024-03-01 00:00:00","delphi","92"
"2024-03-01 00:00:00","go","302"
"2024-03-01 00:00:00","java","2258"
"2024-03-01 00:00:00","javascript","3682"
"2024-03-01 00:00:00","perl","47"
"2024-03-01 00:00:00","php","1141"
"2024-03-01 00:00:00","python","5897"
"2024-03-01 00:00:00","r","1442"
"2024-03-01 00:00:00","ruby","121"
"2024-03-01 00:00:00","swift","597"
"2024-04-01 00:00:00","assembly","170"
"2024-04-01 00:00:00","c","675"
"2024-04-01 00:00:00","c#","2276"
"2024-04-01 00:00:00","c++","1196"
"2024-04-01 00:00:00","delphi","101"
"2024-04-01 00:00:00","go","290"
"2024-04-01 00:00:00","java","2047"
"2024-04-01 00:00:00","javascript","3248"
"2024-04-01 00:00:00","perl","25"
"2024-04-01 00:00:00","php","982"
"2024-04-01 00:00:00","python","5796"
"2024-04-01 00:00:00","r","1335"
"2024-04-01 00:00:00","ruby","109"
"2024-04-01 00:00:00","swift","578"
"2024-05-01 00:00:00","assembly","148"
"2024-05-01 00:00:00","c","612"
"2024-05-01 00:00:00","c#","2048"
"2024-05-01 00:00:00","c++","1302"
"2024-05-01 00:00:00","delphi","88"
"2024-05-01 00:00:00","go","253"
"2024-05-01 00:00:00","java","1802"
"2024-05-01 00:00:00","javascript","3102"
"2024-05-01 00:00:00","perl","38"
"2024-05-01 00:00:00","php","933"
"2024-05-01 00:00:00","python","5465"
"2024-05-01 00:00:00","r","1184"
"2024-05-01 00:00:00","ruby","98"
"2024-05-01 00:00:00","swift","494"
"2024-06-01 00:00:00","assembly","83"
"2024-06-01 00:00:00","c","503"
"2024-06-01 00:00:00","c#","1668"
"2024-06-01 00:00:00","c++","987"
"2024-06-01 00:00:00","delphi","63"
"2024-06-01 00:00:00","go","214"
"2024-06-01 00:00:00","java","1409"
"2024-06-01 00:00:00","javascript","2267"
"2024-06-01 00:00:00","perl","29"
"2024-06-01 00:00:00","php","780"
"2024-06-01 00:00:00","python","4199"
"2024-06-01 00:00:00","r","956"
"2024-06-01 00:00:00","ruby","92"
"2024-06-01 00:00:00","swift","474"
"2024-07-01 00:00:00","assembly","87"
"2024-07-01 00:00:00","c","526"
"2024-07-01 00:00:00","c#","1756"
"2024-07-01 00:00:00","c++","1029"
"2024-07-01 00:00:00","delphi","53"
"2024-07-01 00:00:00","go","238"
"2024-07-01 00:00:00","java","1249"
"2024-07-01 00:00:00","javascript","2195"
"2024-07-01 00:00:00","perl","32"
"2024-07-01 00:00:00","php","708"
"2024-07-01 00:00:00","python","4134"
"2024-07-01 00:00:00","r","925"
"2024-07-01 00:00:00","ruby","85"
"2024-07-01 00:00:00","swift","468"
"2024-08-01 00:00:00","assembly","106"
"2024-08-01 00:00:00","c","461"
"2024-08-01 00:00:00","c#","1587"
"2024-08-01 00:00:00","c++","952"
"2024-08-01 00:00:00","delphi","72"
"2024-08-01 00:00:00","go","190"
"2024-08-01 00:00:00","java","1015"
"2024-08-01 00:00:00","javascript","1971"
"2024-08-01 00:00:00","perl","41"
"2024-08-01 00:00:00","php","659"
"2024-08-01 00:00:00","python","3632"
"2024-08-01 00:00:00","r","778"
"2024-08-01 00:00:00","ruby","98"
"2024-08-01 00:00:00","swift","428"
"2024-09-01 00:00:00","assembly","83"
"2024-09-01 00:00:00","c","435"
"2024-09-01 00:00:00","c#","1417"
"2024-09-01 00:00:00","c++","936"
"2024-09-01 00:00:00","delphi","63"
"2024-09-01 00:00:00","go","147"
"2024-09-01 00:00:00","java","1157"
"2024-09-01 00:00:00","javascript","1838"
"2024-09-01 00:00:00","perl","26"
"2024-09-01 00:00:00","php","556"
"2024-09-01 00:00:00","python","3215"
"2024-09-01 00:00:00","r","700"
"2024-09-01 00:00:00","ruby","73"
"2024-09-01 00:00:00","swift","424"
"2024-10-01 00:00:00","assembly","85"
"2024-10-01 00:00:00","c","457"
"2024-10-01 00:00:00","c#","1559"
"2024-10-01 00:00:00","c++","903"
"2024-10-01 00:00:00","delphi","83"
"2024-10-01 00:00:00","go","176"
"2024-10-01 00:00:00","java","1478"
"2024-10-01 00:00:00","javascript","1830"
"2024-10-01 00:00:00","perl","21"
"2024-10-01 00:00:00","php","634"
"2024-10-01 00:00:00","python","3396"
"2024-10-01 00:00:00","r","777"
"2024-10-01 00:00:00","ruby","62"
"2024-10-01 00:00:00","swift","448"
"2024-11-01 00:00:00","assembly","97"
"2024-11-01 00:00:00","c","396"
"2024-11-01 00:00:00","c#","1329"
"2024-11-01 00:00:00","c++","835"
"2024-11-01 00:00:00","delphi","56"
"2024-11-01 00:00:00","go","121"
"2024-11-01 00:00:00","java","1235"
"2024-11-01 00:00:00","javascript","1601"
"2024-11-01 00:00:00","perl","20"
"2024-11-01 00:00:00","php","531"
"2024-11-01 00:00:00","python","3052"
"2024-11-01 00:00:00","r","696"
"2024-11-01 00:00:00","ruby","75"
"2024-11-01 00:00:00","swift","382"
"2024-12-01 00:00:00","assembly","90"
"2024-12-01 00:00:00","c","325"
"2024-12-01 00:00:00","c#","1078"
"2024-12-01 00:00:00","c++","682"
"2024-12-01 00:00:00","delphi","42"
"2024-12-01 00:00:00","go","114"
"2024-12-01 00:00:00","java","1155"
"2024-12-01 00:00:00","javascript","1366"
"2024-12-01 00:00:00","perl","24"
"2024-12-01 00:00:00","php","422"
"2024-12-01 00:00:00","python","2660"
"2024-12-01 00:00:00","r","548"
"2024-12-01 00:00:00","ruby","52"
"2024-12-01 00:00:00","swift","316"
"2025-01-01 00:00:00","assembly","68"
"2025-01-01 00:00:00","c","320"
"2025-01-01 00:00:00","c#","1109"
"2025-01-01 00:00:00","c++","684"
"2025-01-01 00:00:00","delphi","56"
"2025-01-01 00:00:00","go","132"
"2025-01-01 00:00:00","java","1130"
"2025-01-01 00:00:00","javascript","1387"
"2025-01-01 00:00:00","perl","25"
"2025-01-01 00:00:00","php","502"
"2025-01-01 00:00:00","python","2625"
"2025-01-01 00:00:00","r","518"
"2025-01-01 00:00:00","ruby","50"
"2025-01-01 00:00:00","swift","335"
"2025-02-01 00:00:00","assembly","60"
"2025-02-01 00:00:00","c","271"
"2025-02-01 00:00:00","c#","972"
"2025-02-01 00:00:00","c++","575"
"2025-02-01 00:00:00","delphi","58"
"2025-02-01 00:00:00","go","96"
"2025-02-01 00:00:00","java","905"
"2025-02-01 00:00:00","javascript","1122"
"2025-02-01 00:00:00","perl","15"
"2025-02-01 00:00:00","php","343"
"2025-02-01 00:00:00","python","2147"
"2025-02-01 00:00:00","r","497"
"2025-02-01 00:00:00","ruby","50"
"2025-02-01 00:00:00","swift","300"
"2025-03-01 00:00:00","assembly","59"
"2025-03-01 00:00:00","c","307"
"2025-03-01 00:00:00","c#","911"
"2025-03-01 00:00:00","c++","677"
"2025-03-01 00:00:00","delphi","53"
"2025-03-01 00:00:00","go","96"
"2025-03-01 00:00:00","java","876"
"2025-03-01 00:00:00","javascript","1107"
"2025-03-01 00:00:00","perl","16"
"2025-03-01 00:00:00","php","330"
"2025-03-01 00:00:00","python","2183"
"2025-03-01 00:00:00","r","481"
"2025-03-01 00:00:00","ruby","46"
"2025-03-01 00:00:00","swift","294"
"2025-04-01 00:00:00","assembly","49"
"2025-04-01 00:00:00","c","203"
"2025-04-01 00:00:00","c#","645"
"2025-04-01 00:00:00","c++","506"
"2025-04-01 00:00:00","delphi","37"
"2025-04-01 00:00:00","go","63"
"2025-04-01 00:00:00","java","773"
"2025-04-01 00:00:00","javascript","773"
"2025-04-01 00:00:00","perl","15"
"2025-04-01 00:00:00","php","249"
"2025-04-01 00:00:00","python","1698"
"2025-04-01 00:00:00","r","398"
"2025-04-01 00:00:00","ruby","31"
"2025-04-01 00:00:00","swift","213"
"2025-05-01 00:00:00","assembly","34"
"2025-05-01 00:00:00","c","205"
"2025-05-01 00:00:00","c#","539"
"2025-05-01 00:00:00","c++","451"
"2025-05-01 00:00:00","delphi","35"
"2025-05-01 00:00:00","go","53"
"2025-05-01 00:00:00","java","602"
"2025-05-01 00:00:00","javascript","626"
"2025-05-01 00:00:00","perl","16"
"2025-05-01 00:00:00","php","240"
"2025-05-01 00:00:00","python","1404"
"2025-05-01 00:00:00","r","288"
"2025-05-01 00:00:00","ruby","28"
"2025-05-01 00:00:00","swift","192"
"2025-06-01 00:00:00","assembly","38"
"2025-06-01 00:00:00","c","176"
"2025-06-01 00:00:00","c#","457"
"2025-06-01 00:00:00","c++","408"
"2025-06-01 00:00:00","delphi","33"
"2025-06-01 00:00:00","go","49"
"2025-06-01 00:00:00","java","422"
"2025-06-01 00:00:00","javascript","482"
"2025-06-01 00:00:00","perl","15"
"2025-06-01 00:00:00","php","171"
"2025-06-01 00:00:00","python","1063"
"2025-06-01 00:00:00","r","258"
"2025-06-01 00:00:00","ruby","27"
"2025-06-01 00:00:00","swift","143"
"2025-07-01 00:00:00","assembly","35"
"2025-07-01 00:00:00","c","148"
"2025-07-01 00:00:00","c#","420"
"2025-07-01 00:00:00","c++","351"
"2025-07-01 00:00:00","delphi","27"
"2025-07-01 00:00:00","go","17"
"2025-07-01 00:00:00","java","390"
"2025-07-01 00:00:00","javascript","446"
"2025-07-01 00:00:00","perl","15"
"2025-07-01 00:00:00","php","108"
"2025-07-01 00:00:00","python","981"
"2025-07-01 00:00:00","r","212"
"2025-07-01 00:00:00","ruby","13"
"2025-07-01 00:00:00","swift","155"
"2025-08-01 00:00:00","assembly","22"
"2025-08-01 00:00:00","c","125"
"2025-08-01 00:00:00","c#","329"
"2025-08-01 00:00:00","c++","308"
"2025-08-01 00:00:00","delphi","34"
"2025-08-01 00:00:00","go","40"
"2025-08-01 00:00:00","java","286"
"2025-08-01 00:00:00","javascript","310"
"2025-08-01 00:00:00","perl","8"
"2025-08-01 00:00:00","php","91"
"2025-08-01 00:00:00","python","754"
"2025-08-01 00:00:00","r","163"
"2025-08-01 00:00:00","ruby","17"
"2025-08-01 00:00:00","swift","93"